"Search Terms","Traffic Share",Traffic,Organic,Paid,Change,CPC,Volume,"Traffic Leader"
"prime video",0.0108,32847914,0.5133,0.4867,0.0651,0.52,15280600,primevideo.com
"yt music",0.0099,30191969,1,0,0.1205,0.39,1712020,youtube.com
c,0.0055,16777392,1,0,-0.0044,0.52,22619780,microsoft.com
文心一言,0.004,12050077,1,0,-0.3626,N/A,186940,baidu.com
"biblioteca de anuncios",0.004,12200934,0.9619,0.0381,0.2942,0.23,115350,facebook.com
trump,0.0039,11951804,1,0,2.7832,N/A,14815770,cnn.com
ユーチューブ動画,0.0039,11898619,1,0,0.1577,N/A,12530,youtube.com
nba,0.0038,11509300,1,0,-0.4375,1.5,88305200,youtube.com
百度网盘,0.0036,11076823,1,0,0.0999,N/A,185920,baidu.com
marketplace,0.0033,10112021,1,0,0.1965,1.12,3323450,facebook.com
drive,0.0029,8929574,1,0,2.4408,1.22,6938740,google.com
gemini,0.0027,8364629,1,0,1.9382,3.19,11397970,google.com
"ad library",0.0026,7859343,1,0,0.4608,1.44,184410,facebook.com
"meta business suite",0.0025,7703405,0.7799,0.2201,0.2129,1.62,552070,facebook.com
кинопоиск,0.0024,7322381,1,0,0.403,0.5,1206160,yandex.ru
"ads library",0.0022,6763424,1,0,0.4258,1.44,168830,facebook.com
"taylor swift",0.0021,6264530,1,0,-0.1722,1.21,13154620,yahoo.com
翻译,0.002,6221892,1,0,0.3849,0.33,3322280,baidu.com
地图,0.002,6152899,1,0,0.15,0.25,329910,baidu.com
biden,0.0018,5621454,1,0,7.0799,N/A,6390870,cnn.com
israel,0.0016,4768824,1,0,-0.3663,0.99,10521310,cnn.com
classroom,0.0016,4777271,1,0,0.5864,0.94,3270230,google.com
music,0.0016,4746043,1,0,0.0143,0.48,1054640,youtube.com
prime,0.0016,4764099,0.7973,0.2027,0.373,0.46,3963560,primevideo.com
"яндекс диск",0.0016,5002624,1,0,0.2584,0.3,497140,yandex.ru
docs,0.0015,4629681,1,0,1.2635,0.99,4028560,google.com
アマゾン通販,0.0014,4163375,0.965,0.035,0.1781,N/A,3150,amazon.co.jp
shogun,0.0014,4384756,1,0,-0.3335,2.23,3914570,imdb.com
"ai image generator",0.0014,4316566,0.9542,0.0458,0.2221,0.52,2321540,canva.com
0x80070643,0.0014,4162497,1,0,-0.2381,0.43,405660,microsoftonline.com
腾讯文档,0.0013,3960264,1,0,-0.0228,N/A,95470,qq.com
贴吧,0.0013,3952561,1,0,0.1058,N/A,53090,baidu.com
"donald trump",0.0013,3934270,1,0,2.2146,N/A,7671530,cnn.com
chrome,0.0013,4071044,0.9134,0.0866,2.0165,3.41,1958510,google.com
"地図 グーグル",0.0013,3839106,1,0,0.5111,0.39,6340,google.co.jp
excel,0.0013,3821116,0.9109,0.0891,0.2063,0.25,1754190,microsoft.com
bard,0.0012,3653141,0.6533,0.3467,2.8165,2.31,5763190,google.com
"poor things",0.0012,3589860,1,0,-0.1847,1.14,5054340,wikipedia.org
погода,0.0012,3560967,1,0,0.4021,0.28,25250220,gismeteo.ru
amazonプライム,0.0011,3201800,0.9184,0.0816,0.4678,N/A,79550,amazon.co.jp
"グーグルマップ 地図",0.0011,3228304,0.9989,0.0011,0.1786,N/A,180,google.co.jp
"meta ads library",0.0011,3281020,1,0,0.3374,2.02,67780,facebook.com
"fb ads library",0.0011,3213250,1,0,0.6083,1.34,66490,facebook.com
"euro 2024",0.0011,3320371,1,0,0.1259,0.62,25341490,uefa.com
kindle,0.0011,3453339,0.642,0.358,0.054,0.58,2129660,amazon.com
"3 body problem",0.0011,3317030,1,0,-0.467,0.51,2136450,wikipedia.org
"ютуб музыка",0.0011,3403685,1,0,1.1173,0.13,150420,youtube.com
네이버지도,0.001,3099073,0.856,0.144,0.239,N/A,520160,naver.com
"озон интернет-магазин каталог товаров и цены на 2024 год",0.001,3155238,0.9997,0.0003,0.1719,N/A,40,ozon.ru
百度贴吧,0.001,3162160,1,0,0.0813,N/A,37810,baidu.com
企业微信,0.001,3123845,1,0,0.0188,N/A,61680,qq.com
"joe biden",0.001,3095914,1,0,3.9703,N/A,6573520,cnn.com
"kamala harris",0.001,3029630,1,0,73.9834,N/A,3488340,wikipedia.org
youtubetv,0.001,3118714,0.6254,0.3746,0.1334,4.12,477780,youtube.com
"madame web",0.001,3179602,1,0,-0.4695,1.57,4483470,wikipedia.org
fallout,0.001,2902190,0.9701,0.0299,-0.4789,1.07,2602800,imdb.com
nfl,0.001,2952100,0.9898,0.0102,-0.051,0.92,33303950,nfl.com
"elon musk",0.001,3096276,1,0,0.8042,0.75,5700960,wikipedia.org
ipad,0.001,3192501,0.6694,0.3306,-0.1877,0.46,2783130,apple.com
iran,0.001,3183003,1,0,-0.5171,0.37,4700620,cnn.com
dịch,0.001,3063792,1,0,2.7544,0.36,5586140,google.com
"excel online",0.001,3064981,0.9758,0.0242,0.3096,0.32,527890,microsoft.com
новости,0.001,3125222,0.9983,0.0017,0.164,0.28,3403820,ria.ru
アマゾンプライム,0.0009,2676717,0.9449,0.0551,0.3122,N/A,291390,amazon.co.jp
"программа передач на сегодня",0.0009,2821443,1,0,0.0939,N/A,221580,yandex.ru
hentai,0.0009,2718211,1,0,-0.0637,N/A,17329250,hentaicity.com
"gemini ai",0.0009,2865665,0.6083,0.3917,2.4354,1.58,2077500,google.com
"premier league",0.0009,2623501,1,0,-0.9481,1.57,59307720,youtube.com
"godzilla minus one",0.0009,2670218,0.9996,0.0004,-0.6971,0.88,5088100,youtube.com
"sydney sweeney",0.0009,2613987,1,0,0.2319,0.81,9769460,instagram.com
saltburn,0.0009,2832321,0.9951,0.0049,-0.8478,0.6,4795520,wikipedia.org
ytmusic,0.0009,2868124,1,0,0.117,0.4,152820,youtube.com
"jd vance",0.0008,2395629,1,0,53.9376,N/A,1767060,wikipedia.org
yahooニュース,0.0008,2348606,1,0,1.1019,N/A,77820,yahoo.co.jp
sheets,0.0008,2573886,1,0,0.6056,2.34,2572820,google.com
"kendrick lamar",0.0008,2425584,1,0,-0.129,2.29,2905180,wikipedia.org
"caitlin clark",0.0008,2503043,1,0,-0.5862,2.12,3106530,espn.com
ukraine,0.0008,2347342,1,0,-0.1119,1.6,6477140,lindependant.fr
地震,0.0008,2357909,1,0,0.3635,1.56,2273550,cwa.gov.tw
drake,0.0008,2534387,1,0,-0.1762,1.21,4504430,wikipedia.org
"meta business",0.0008,2355904,0.8239,0.1761,0.1417,1.16,166170,facebook.com
"dune 2",0.0008,2337826,1,0,-0.8048,1.08,5687930,wikipedia.org
palworld,0.0008,2466891,1,0,-,0.7,2794990,steampowered.com
"яндекс еда",0.0008,2307280,1,0,0.4548,0.68,312340,yandex.ru
"copa america",0.0008,2523997,1,0,1.8227,0.54,14162280,copaamerica.com
"kate middleton",0.0008,2405030,1,0,-0.0954,0.51,5237150,yahoo.com
cf,0.0008,2467564,1,0,0.0776,0.41,443390,planalto.gov.br
"новости россии и мира сегодня",0.0007,2275276,0.9982,0.0018,0.2344,N/A,16120,mk.ru
"baby reindeer",0.0007,2266114,1,0,-0.7169,N/A,2521140,wikipedia.org
"thomas matthew crooks",0.0007,2152267,1,0,-,N/A,1861910,youtube.com
百度文库,0.0007,2043489,1,0,-0.3505,N/A,25310,baidu.com
"meta ad library",0.0007,2104974,1,0,0.226,2.11,49100,facebook.com
"champions league",0.0007,2003316,1,0,-0.8089,1.66,28183790,youtube.com
adlibrary,0.0007,2163130,1,0,0.2946,1.45,40340,facebook.com
"real madrid",0.0007,2257956,1,0,-0.7492,1.23,33001560,realmadrid.com
"civil war",0.0007,2093901,1,0,-0.4972,0.96,1784390,youtube.com
"iphone 15",0.0007,2248565,0.6438,0.3562,-0.0907,0.68,10043150,apple.com
planner,0.0007,2201067,1,0,0.5683,0.65,218940,office.com
アマゾンプライムビデオ,0.0006,1802180,0.8596,0.1404,-0.1097,N/A,101380,amazon.co.jp
楽天モバイル,0.0006,1783528,0.9662,0.0338,0.0004,N/A,461740,rakuten.co.jp
"biblioteca de anúncios",0.0006,1878754,0.9676,0.0324,0.2285,N/A,16160,facebook.com
三角洲行动,0.0006,1953169,1,0,0.0492,N/A,9890,qq.com
ipl,0.0006,1751705,1,0,-1,N/A,75284940,jiocinema.com
"trump news",0.0006,1699728,1,0,0.6979,N/A,3326840,cnn.com
crowdstrike,0.0006,1685782,1,0,-,6.01,888860,crowdstrike.com
"nikki haley",0.0006,1785364,1,0,0.163,3.63,2625290,wikipedia.org
"fb ad library",0.0006,1890980,1,0,0.4266,3.5,30390,facebook.com
"the acolyte",0.0006,1680811,1,0,-0.3147,2.28,1778400,wikipedia.org
"nvidia stock",0.0006,1912021,1,0,-0.2495,1.7,4693670,yahoo.com
china,0.0006,1682149,1,0,-0.1995,0.79,3336110,cnn.com
openai,0.0006,1970604,1,0,-0.9312,0.77,3633930,openai.com
challengers,0.0006,1737222,1,0,-0.587,0.77,2906470,wikipedia.org
"helldivers 2",0.0006,1753664,0.9994,0.0006,-,0.76,2344340,steampowered.com
primevideo,0.0006,1704406,0.4547,0.5453,-0.0447,0.52,937210,primevideo.com
"sabrina carpenter",0.0006,1743239,1,0,-0.1241,0.45,4380760,wikipedia.org
"gerenciador de anuncios",0.0006,1794208,1,0,0.2607,0.42,26610,facebook.com
"monkey man",0.0006,1758832,1,0,-0.2094,0.36,1345000,youtube.com
macbook,0.0006,1742680,0.6369,0.3631,-0.0994,0.31,1629460,apple.com
trends,0.0006,1820102,0.9994,0.0006,0.4376,0.31,221800,google.com
"гугл таблицы",0.0006,1960549,1,0,1.1452,0.15,123460,google.com
"akira toriyama",0.0006,1892565,1,0,-,0.15,1864030,wikipedia.org
プライムビデオ,0.0005,1381619,0.8175,0.1825,0.1105,N/A,125170,amazon.co.jp
文心一言官网,0.0005,1666228,1,0,-0.4396,N/A,1850,baidu.com
"корейские сериалы гей тема яой смотреть в онлайн бесплатно в хорошем качестве с русским переводом",0.0005,1648891,1,0,-0.0387,N/A,180,youtube.com
"программа передач",0.0005,1603474,1,0,0.0931,N/A,1390590,yandex.ru
腾讯手游助手,0.0005,1590789,1,0,-0.1132,N/A,6610,qq.com
谷歌学术,0.0005,1564321,1,0,0.2139,N/A,223150,google.com.hk
庆余年2,0.0005,1530186,1,0,-0.8932,N/A,83040,qq.com
twomad,0.0005,1525166,1,0,-,N/A,566860,youtube.com
searchgpt,0.0005,1467569,1,0,-,N/A,105730,chatgpt.com
"late night with the devil",0.0005,1390895,1,0,-0.2332,3.21,1394680,wikipedia.org
"business manager",0.0005,1502403,0.8851,0.1149,0.0486,2.21,111070,facebook.com
"true detective",0.0005,1530197,1,0,0.0947,1.98,2644430,imdb.com
"the bear",0.0005,1511970,1,0,1.1326,1.96,4830320,wikipedia.org
"meta ads",0.0005,1370921,0.6964,0.3036,0.3035,1.78,108850,facebook.com
nvda,0.0005,1384344,1,0,-0.1091,1.76,2178850,yahoo.com
"ads manager",0.0005,1489762,0.8269,0.1731,0.5131,1.75,126980,facebook.com
"inside out 2",0.0005,1404259,1,0,-0.1805,1.72,3846650,wikipedia.org
"fa cup",0.0005,1632538,1,0,-1,1.67,6047300,youtube.com
"ryan garcia",0.0005,1463008,1,0,1.1495,1.64,2435980,wikipedia.org
"nvda stock",0.0005,1439208,1,0,-0.0883,1.64,3340860,yahoo.com
mrbeast,0.0005,1587633,1,0,1.8282,1.56,1153580,youtube.com
"aws console",0.0005,1668063,0.5807,0.4193,0.1393,1.49,217850,amazon.com
"serie a",0.0005,1609395,1,0,-0.0346,1.35,48921580,youtube.com
繁花,0.0005,1604340,1,0,-0.6488,1.3,222250,qq.com
"solo leveling",0.0005,1479402,1,0,-0.1516,1.13,3525520,wikipedia.org
"project 2025",0.0005,1541893,1,0,4.2001,1.11,2022120,project2025.org
"the zone of interest",0.0005,1375895,1,0,-0.2981,0.98,1101980,youtube.com
"anatomy of a fall",0.0005,1582692,1,0,-0.373,0.87,1805120,wikipedia.org
"send to kindle",0.0005,1587808,1,0,0.2243,0.74,292100,amazon.com
"image search",0.0005,1614489,1,0,2.0269,0.73,1488380,google.com
"travis kelce",0.0005,1585333,1,0,-0.0958,0.63,5240280,wikipedia.org
"jobs near me",0.0005,1536634,0.906,0.094,-0.0798,0.6,3520480,indeed.com
天気,0.0005,1553280,1,0,0.2384,0.56,17599880,tenki.jp
"hazbin hotel",0.0005,1604674,1,0,-0.6661,0.53,1895480,wikipedia.org
euros,0.0005,1529557,1,0,0.1185,0.39,5289720,bbc.co.uk
"jogos hoje",0.0005,1468475,1,0,0.2285,0.38,356250,globo.com
"jogos de hoje",0.0005,1568910,1,0,0.145,0.37,2115960,globo.com
"дзен новости",0.0005,1502630,0.9888,0.0112,0.1614,0.32,74820,dzen.ru
"oj simpson",0.0005,1663504,1,0,-0.2776,0.18,2196230,wikipedia.org
"lamine yamal",0.0005,1437256,1,0,5.4369,0.18,3252850,wikipedia.org
"네이버 지도",0.0005,1516799,0.84,0.16,0.2236,0.16,267740,naver.com
"ютуб мьюзик",0.0005,1539299,1,0,0.69,0.13,33920,youtube.com
"stellar blade",0.0004,1259530,0.9992,0.0008,-0.9779,N/A,1551810,youtube.com
"地図 グーグルマップ",0.0004,1360452,1,0,0.3138,N/A,730,google.co.jp
视频号助手,0.0004,1342150,1,0,-0.0545,N/A,7200,qq.com
微信输入法,0.0004,1321278,1,0,-0.0832,N/A,29480,qq.com
"hawk tuah",0.0004,1312536,1,0,0.2023,N/A,1815180,youtube.com
百度学术,0.0004,1289657,1,0,-0.3717,N/A,20910,baidu.com
çeviri,0.0004,1242862,1,0,12.4982,N/A,13803010,google.com
"вк видео",0.0004,1229489,1,0,0.4866,N/A,52150,vk.com
"озон интернет-магазин каталог товаров и цены на 2023 год",0.0004,1225532,1,0,-0.514,N/A,0,ozon.ru
qq浏览器,0.0004,1220897,1,0,0.0771,N/A,10900,qq.com
剑灵怀旧服,0.0004,1204422,1,0,-0.29,N/A,2800,qq.com
微信文件传输助手,0.0004,1170448,1,0,-0.1175,N/A,10730,qq.com
松本人志,0.0004,1166352,1,0,2.1096,N/A,1040480,yahoo.co.jp
天気予報,0.0004,1164740,1,0,0.2681,N/A,2033460,tenki.jp
三角洲行动官网,0.0004,1163376,1,0,0.1322,N/A,160,qq.com
风灵月影,0.0004,1149216,1,0,-0.2793,N/A,23740,bilibili.com
大谷翔平,0.0004,1138985,1,0,0.7327,N/A,2277340,yahoo.co.jp
无畏契约,0.0004,1111207,1,0,0.0773,N/A,15270,qq.com
"gay porn",0.0004,1104533,1,0,0.0756,N/A,3797310,gaymaletube.com
yahooメール,0.0004,1079392,1,0,0.476,N/A,122900,yahoo.co.jp
グーグルドライブ,0.0004,1069617,1,0,1.4767,N/A,36480,google.com
gme,0.0004,1238591,1,0,-0.7283,5.34,1657530,yahoo.com
"super bowl",0.0004,1302264,1,0,-,3.55,2427130,youtube.com
"presidential debate",0.0004,1118431,1,0,-0.5681,3.04,538260,cnn.com
gaza,0.0004,1288524,1,0,-0.6334,2.38,3758140,cnn.com
zendaya,0.0004,1337514,1,0,-0.3819,2.36,4511420,wikipedia.org
"meta ads manager",0.0004,1206158,0.7263,0.2737,0.1084,2.35,76250,facebook.com
ufc,0.0004,1077263,1,0,0.2176,2.1,25247070,ufc.com
"fabrizio romano",0.0004,1127646,1,0,1.208,2.05,3451770,x.com
epl,0.0004,1125405,1,0,-0.8722,2.05,20167500,youtube.com
"tesla stock",0.0004,1299175,1,0,0.8875,1.97,4787020,yahoo.com
"masters of the air",0.0004,1296665,0.9761,0.0239,-0.4463,1.95,1489940,wikipedia.org
russia,0.0004,1328261,1,0,0.1251,1.9,4099250,cnn.com
argylle,0.0004,1170883,1,0,-0.3521,1.78,1936110,wikipedia.org
"to do",0.0004,1133938,1,0,0.5589,1.78,117110,office.com
lakers,0.0004,1177653,1,0,1.396,1.75,12807960,si.com
"scottie scheffler",0.0004,1153930,1,0,-1,1.7,1206990,cnn.com
"mr beast",0.0004,1290668,1,0,1.6745,1.56,1216540,youtube.com
nhl,0.0004,1311212,1,0,-0.6501,1.5,12230770,nhl.com
"young sheldon",0.0004,1186297,1,0,-0.5346,1.47,3469580,wikipedia.org
"kindle cloud reader",0.0004,1350985,1,0,0.0474,1.42,256040,amazon.com
ドコモ,0.0004,1217057,1,0,0.0231,1.39,212270,docomo.ne.jp
"kingdom of the planet of the apes",0.0004,1229395,1,0,-0.0854,1.33,2072320,wikipedia.org
"fb marketplace",0.0004,1205803,1,0,0.1738,1.33,262250,facebook.com
"wuthering waves",0.0004,1199861,1,0,-0.7963,1.28,2295300,kurogames.com
furiosa,0.0004,1180016,1,0,-0.5629,1.25,2380080,wikipedia.org
"dua lipa",0.0004,1353738,1,0,0.0663,1.2,3524880,wikipedia.org
"the idea of you",0.0004,1096635,0.9816,0.0184,-0.8639,1.16,2124270,wikipedia.org
"chrome web store",0.0004,1180307,1,0,3.8489,1.14,1496400,google.com
"baltimore bridge",0.0004,1199791,1,0,-,1.12,459370,cnn.com
"the fall guy",0.0004,1240676,1,0,-0.7231,1.08,1691490,youtube.com
eminem,0.0004,1221850,1,0,-0.0566,1.07,3670290,wikipedia.org
"chappell roan",0.0004,1104292,1,0,0.1849,1.05,1471080,wikipedia.org
"creator studio",0.0004,1346289,1,0,0.0368,1.04,217050,facebook.com
"killers of the flower moon",0.0004,1164895,1,0,-0.2078,1.03,5365680,wikipedia.org
"kung fu panda 4",0.0004,1183439,1,0,-0.0607,0.99,3257870,youtube.com
tim,0.0004,1131798,1,0,-0.0198,0.99,964280,tim.it
invincible,0.0004,1090767,0.9895,0.0105,-0.4837,0.98,2433380,wikipedia.org
"yt studio",0.0004,1364043,1,0,0.5919,0.92,262460,youtube.com
"the ministry of ungentlemanly warfare",0.0004,1142128,1,0,-0.3489,0.91,1668790,youtube.com
slides,0.0004,1114727,1,0,0.5988,0.88,1287540,google.com
"ella purnell",0.0004,1365052,1,0,-0.6857,0.83,2410850,instagram.com
"road house",0.0004,1101166,1,0,-0.2122,0.82,1703990,imdb.com
"andrew tate",0.0004,1357515,1,0,0.4872,0.78,3536330,wikipedia.org
路線,0.0004,1149588,1,0,0.2851,0.71,494570,yahoo.co.jp
nvidia,0.0004,1214378,1,0,-0.4519,0.69,2661300,nvidia.com
f1,0.0004,1146467,1,0,0.8628,0.66,17365800,formula1.com
"american fiction",0.0004,1265538,1,0,-1,0.62,1238000,wikipedia.org
"skibidi toilet",0.0004,1213805,1,0,0.3782,0.61,2071860,youtube.com
eurocopa,0.0004,1154622,1,0,0.4275,0.6,10098520,globo.com
"ipad pro",0.0004,1103477,0.6933,0.3067,-0.3749,0.58,1007300,apple.com
arsenal,0.0004,1262196,1,0,0.9032,0.57,17819780,arsenal.com
"the gentlemen",0.0004,1220670,1,0,-0.2544,0.52,2401480,imdb.com
ishowspeed,0.0004,1102889,1,0,2.7827,0.52,1199970,youtube.com
"macbook air",0.0004,1330092,0.67,0.33,-0.0648,0.47,1103840,apple.com
india,0.0004,1134000,1,0,-0.3461,0.47,3940160,indiatimes.com
"유튜브 뮤직",0.0004,1202880,1,0,0.2211,0.45,71300,youtube.com
"mini tv",0.0004,1117363,0.3313,0.6687,-0.3062,0.44,215060,amazon.in
"pdf editor",0.0004,1331066,1,0,0.2205,0.4,1588420,sejda.com
телепрограмма,0.0004,1139378,1,0,0.0067,0.33,734790,yandex.ru
"lebron james",0.0004,1228904,1,0,0.4014,0.31,4349520,wikipedia.org
"авто ру",0.0004,1294555,1,0,0.3441,0.29,251480,yandex.ru
mbappe,0.0004,1237663,1,0,-0.4502,0.26,6019660,wikipedia.org
kb5034441,0.0004,1075259,1,0,-0.2592,0.25,158340,microsoft.com
"play store",0.0004,1360776,0.7144,0.2856,3.5263,0.22,2772870,google.com
"телепрограмма на сегодня",0.0004,1137856,1,0,0.294,0.21,125790,yandex.ru
а4,0.0004,1339727,1,0,0.1832,0.2,320470,youtube.com
"epstein list",0.0004,1118851,1,0,-,0.18,1550370,independent.co.uk
übersetzer,0.0004,1132855,1,0,2.438,0.17,10507890,google.com
"kanye west",0.0004,1310662,1,0,-0.0349,0.15,4170650,dailymail.co.uk
"richard gadd",0.0004,1231817,1,0,-0.9377,0.15,1441310,wikipedia.org
"rebel moon",0.0004,1292424,1,0,0.0012,0.13,2939040,wikipedia.org
diddy,0.0004,1219243,1,0,-0.8518,0.13,1992360,yahoo.com
"погода москва",0.0004,1165524,1,0,0.1306,0.13,1875260,gismeteo.ru
"erin moriarty",0.0004,1332309,1,0,0.3111,0.12,2459370,instagram.com
"dr disrespect",0.0004,1106555,1,0,0.7533,0.11,822940,youtube.com
"emma stone",0.0004,1173556,1,0,-0.0859,0.07,4619460,wikipedia.org
アマゾン購入履歴,0.0003,764890,0.9608,0.0392,0.0974,N/A,2370,amazon.co.jp
"the boys season 4",0.0003,921676,0.9714,0.0286,0.0548,N/A,2641660,wikipedia.org
dカード,0.0003,914930,0.9866,0.0134,-0.0381,N/A,93050,docomo.ne.jp
ヤフーショッピング,0.0003,909689,0.9954,0.0046,0.3089,N/A,301450,yahoo.co.jp
googleトレンド,0.0003,1052981,1,0,0.1106,N/A,23410,google.co.jp
塔瑞斯世界,0.0003,1046624,1,0,-0.7752,N/A,9420,qq.com
谷歌地图,0.0003,1045187,1,0,0.6834,N/A,165390,google.com
"the boy and the heron",0.0003,1023018,1,0,0.5638,N/A,3115050,wikipedia.org
文言一心,0.0003,1010524,1,0,-0.3148,N/A,18780,baidu.com
"anna sawai",0.0003,1004313,1,0,-0.5542,N/A,1122270,instagram.com
グーグルフォト,0.0003,996309,1,0,1.3108,N/A,43740,google.com
"vivek ramaswamy",0.0003,980043,1,0,2.0483,N/A,2396590,wikipedia.org
广告资料库,0.0003,956589,1,0,0.1752,N/A,5200,facebook.com
まｐ,0.0003,942343,1,0,0.2303,N/A,81950,google.co.jp
グーグルアース,0.0003,937826,1,0,0.3108,N/A,35350,google.co.jp
命运方舟,0.0003,935437,1,0,0.5931,N/A,8950,qq.com
livestreamfails,0.0003,932003,1,0,0.1042,N/A,483540,reddit.com
無修正,0.0003,917649,1,0,0.184,N/A,410520,xvideos.com
"программа передач на сегодня все каналы",0.0003,917122,1,0,-0.0735,N/A,47140,yandex.ru
"погода спб",0.0003,913958,1,0,0.2867,N/A,1409800,gismeteo.ru
(0x80070643),0.0003,910317,1,0,-0.182,N/A,108870,microsoftonline.com
チャットgpt,0.0003,905892,1,0,0.4189,N/A,472880,openai.com
庆余年,0.0003,889051,1,0,-0.859,N/A,81560,qq.com
"авито омск",0.0003,876418,1,0,-0.3673,N/A,85630,avito.ru
"anya taylor-joy",0.0003,873224,1,0,-0.5048,N/A,2775520,wikipedia.org
qq下载,0.0003,865956,1,0,0.0215,N/A,6200,qq.com
bitcoin,0.0003,863832,1,0,-0.1795,N/A,9574620,bitcoin.org
微信小程序,0.0003,839736,1,0,-0.1802,N/A,18360,qq.com
"trump shot",0.0003,826955,1,0,-,N/A,1026380,nbcnews.com
田中真美子,0.0003,818059,1,0,-,N/A,394680,wikipedia.org
"bbl drizzy",0.0003,814582,1,0,-0.6694,N/A,405870,youtube.com
"program program",0.0003,809956,1,0,0.1174,N/A,3740,microsoftonline.com
百度云,0.0003,809308,1,0,0.0473,N/A,31460,baidu.com
相沢友子,0.0003,808148,1,0,-1,N/A,251880,instagram.com
视频号,0.0003,806842,1,0,0.0486,N/A,23880,qq.com
"яндекс учебник",0.0003,800407,1,0,-0.7688,N/A,79510,yandex.ru
スポーツナビ,0.0003,795218,1,0,0.6406,N/A,358480,yahoo.co.jp
"大谷翔平 速報 今日",0.0003,792517,1,0,1.1698,N/A,30360,yahoo.co.jp
챗지피티,0.0003,791053,1,0,0.2351,N/A,157110,openai.com
"大谷翔平 結婚相手 田中真美子",0.0003,788971,1,0,-,N/A,110,kiiropicks.com
"nyt cooking",0.0003,836110,0.9183,0.0817,0.0561,3.48,145740,nytimes.com
"gme stock",0.0003,968432,1,0,-0.8147,3.18,1988560,yahoo.com
"kai cenat",0.0003,1050817,1,0,0.856,2.57,1458500,twitch.tv
"harrison butker",0.0003,890621,1,0,-0.8209,2.46,619180,foxnews.com
"amd stock",0.0003,764468,1,0,0.308,2.42,1904550,yahoo.com
dnf,0.0003,795512,1,0,-0.4347,2.4,90820,qq.com
fanyi,0.0003,916019,1,0,0.252,2.35,361760,baidu.com
"ariana grande",0.0003,1056949,1,0,-0.2159,2.31,3371200,wikipedia.org
"tom brady",0.0003,816177,1,0,-0.4107,2.31,2544290,wikipedia.org
"football scores",0.0003,904347,1,0,-0.1673,2.21,2318320,bbc.co.uk
"tsla stock",0.0003,895823,1,0,0.7694,2.17,2848670,yahoo.com
tsla,0.0003,901439,1,0,0.6033,2.07,2248980,yahoo.com
"roaring kitty",0.0003,816573,1,0,-0.8189,2.06,375870,youtube.com
"aws login",0.0003,852238,1,0,0.0477,1.99,107920,amazon.com
frieren,0.0003,816032,1,0,-0.1346,1.94,1622960,wikipedia.org
"conor mcgregor",0.0003,857174,1,0,-0.4206,1.93,3156040,wikipedia.org
"kindle unlimited",0.0003,970605,0.5778,0.4222,0.1812,1.91,636300,amazon.com
"ninja kamui",0.0003,896819,1,0,-1,1.89,1863840,wikipedia.org
"business suite",0.0003,1003654,0.7599,0.2401,0.1756,1.79,82300,facebook.com
"meta business manager",0.0003,771316,0.8052,0.1948,0.3036,1.79,41250,facebook.com
"stock market",0.0003,945637,0.964,0.036,0.5571,1.7,817250,cnbc.com
warriors,0.0003,865782,1,0,6.8371,1.67,6165670,si.com
"keir starmer",0.0003,834646,1,0,5.5372,1.66,822380,wikipedia.org
celtics,0.0003,995728,1,0,-0.7104,1.59,6599850,espn.com
boeing,0.0003,967305,1,0,-0.118,1.56,791140,cnn.com
"stock market today",0.0003,1054720,0.9278,0.0722,0.3023,1.51,791720,yahoo.com
todo,0.0003,809099,1,0,0.5343,1.47,234050,office.com
powertoys,0.0003,789205,1,0,0.0193,1.47,173870,microsoft.com
messi,0.0003,965974,1,0,1.5,1.42,6214030,wikipedia.org
"doctor who",0.0003,810777,1,0,-0.497,1.42,1693570,wikipedia.org
"p diddy",0.0003,770487,1,0,-1,1.33,1902180,independent.co.uk
"avatar the last airbender",0.0003,897004,1,0,1.9826,1.32,1650440,wikipedia.org
"columbia university",0.0003,820595,1,0,0.1451,1.22,672660,cnn.com
"julian assange",0.0003,917494,1,0,-0.1724,1.2,781830,wikipedia.org
"market place",0.0003,762775,1,0,-0.0204,1.19,278740,facebook.com
"bard ai",0.0003,904810,0.5806,0.4194,2.2852,1.17,1857480,google.com
"planet of the apes",0.0003,769467,1,0,-0.5253,1.17,1587700,wikipedia.org
"la liga",0.0003,840224,1,0,-0.8075,1.16,19559610,youtube.com
piratebay,0.0003,857865,1,0,-0.1198,1.14,2730560,thepiratebay3.co
"selena gomez",0.0003,837341,1,0,-0.4658,1.13,4324070,instagram.com
lofi,0.0003,850584,1,0,0.0785,1.12,290340,youtube.com
"anthony edwards",0.0003,774224,1,0,-1,1.11,2581870,wikipedia.org
olympics,0.0003,976758,1,0,62.9883,1.1,3211380,olympics.com
tesla,0.0003,954566,1,0,0.0669,1.08,5843450,tesla.com
"jujutsu kaisen",0.0003,928269,1,0,0.0141,1.02,4641030,wikipedia.org
deadpool,0.0003,934083,1,0,9.2446,1.01,4899320,wikipedia.org
japan,0.0003,811730,1,0,-0.0988,1.01,1728640,wikipedia.org
"the holdovers",0.0003,904988,1,0,-0.0639,0.98,1487450,imdb.com
"olivia rodrigo",0.0003,963822,1,0,-0.08,0.97,3454430,wikipedia.org
gdrive,0.0003,779390,1,0,1.7161,0.97,818260,google.com
meta,0.0003,833884,1,0,0.4654,0.96,1317460,meta.com
"яндекс плюс",0.0003,793034,1,0,0.1309,0.96,288630,yandex.ru
"deadpool 3",0.0003,788225,1,0,3.7289,0.95,3247650,youtube.com
"the beekeeper",0.0003,1048813,1,0,0.2305,0.93,1829920,youtube.com
"past lives",0.0003,892731,1,0,0.1732,0.93,1935570,wikipedia.org
"euros 2024",0.0003,774722,1,0,0.1027,0.89,3895760,foxsports.com
reacher,0.0003,970146,0.9932,0.0068,-0.032,0.86,2980430,imdb.com
"love lies bleeding",0.0003,878791,1,0,-0.0218,0.85,1222460,youtube.com
taiwan,0.0003,993302,1,0,-0.577,0.83,1682830,cnn.com
"not like us",0.0003,906658,1,0,1.0527,0.81,382750,youtube.com
"one piece",0.0003,834219,1,0,-0.0121,0.81,4901780,wikipedia.org
"озон селлер",0.0003,850222,1,0,0.4071,0.8,71380,ozon.ru
"iphone 15 pro max",0.0003,966831,0.6363,0.3637,-0.136,0.77,5927200,apple.com
"justin timberlake",0.0003,848826,1,0,-0.4448,0.76,2433250,yahoo.com
seaport,0.0003,827245,1,0,-0.3354,0.76,48670,sharepoint.com
"mike tyson",0.0003,793133,1,0,-0.7371,0.75,2807700,wikipedia.org
"яндекс новости",0.0003,870982,1,0,0.2609,0.73,337520,dzen.ru
"aaron bushnell",0.0003,1022601,1,0,-,0.69,757880,wikipedia.org
"iphone 15 pro",0.0003,1008333,0.6545,0.3455,-0.1248,0.68,3355520,apple.com
"xabi alonso",0.0003,834510,1,0,-1,0.68,1462140,wikipedia.org
ai,0.0003,981517,1,0,-0.2902,0.66,2597920,openai.com
"gg map",0.0003,930131,1,0,1.7937,0.64,554320,google.com.vn
"гугл диск",0.0003,896365,1,0,-0.1228,0.64,408180,google.com
"free ai image generator",0.0003,817967,0.9732,0.0268,-0.0339,0.56,388550,canva.com
palmeiras,0.0003,782594,1,0,0.8492,0.55,10649230,uol.com.br
"гугл мит",0.0003,1040034,1,0,0.004,0.54,125880,google.com
liverpool,0.0003,1035951,1,0,0.4153,0.54,20742000,liverpool.com.mx
"ipad air",0.0003,763354,0.7066,0.2934,-0.2325,0.53,893540,apple.com
"яндекс путешествия",0.0003,898463,1,0,0.6112,0.53,140140,yandex.ru
"jeffrey epstein",0.0003,1020106,1,0,-,0.5,1872700,wikipedia.org
freevee,0.0003,854452,0.9384,0.0616,-0.0889,0.48,717300,amazon.com
flamengo,0.0003,1032715,1,0,0.4483,0.48,16677450,globo.com
"tucker carlson",0.0003,873103,1,0,3.8058,0.48,1433340,tuckercarlson.com
morgpie,0.0003,830874,1,0,0.1889,0.47,784680,instagram.com
corinthians,0.0003,864437,1,0,0.8146,0.46,11094060,uol.com.br
damsel,0.0003,949420,1,0,-0.3794,0.43,1839100,youtube.com
bridgerton,0.0003,1055892,1,0,-0.5624,0.41,3586440,wikipedia.org
"cristiano ronaldo",0.0003,993634,1,0,0.3385,0.41,5901270,wikipedia.org
"яндекс браузер",0.0003,881504,1,0,0.5318,0.4,118170,yandex.ru
"white noise",0.0003,785957,1,0,-0.0933,0.4,658600,youtube.com
airpods,0.0003,1061040,0.8804,0.1196,-0.0344,0.37,2178620,apple.com
"bronny james",0.0003,1047556,1,0,0.4057,0.36,2010240,espn.com
"quote of the day",0.0003,794736,1,0,0.2917,0.35,117410,live.com
"ryan gosling",0.0003,797928,1,0,-0.8504,0.34,5572330,wikipedia.org
megalopolis,0.0003,960169,1,0,-0.952,0.3,656410,wikipedia.org
"скорость интернета",0.0003,870055,1,0,0.2794,0.3,611910,speedtest.net
"leave the world behind",0.0003,869815,1,0,2.2718,0.28,2379090,wikipedia.org
tyla,0.0003,978382,1,0,-0.2118,0.27,2079960,instagram.com
"тв программа",0.0003,869261,1,0,0.0979,0.23,437840,yandex.ru
longlegs,0.0003,952498,1,0,4.3279,0.21,1176440,youtube.com
"queen of tears",0.0003,893971,1,0,-0.5464,0.21,1942070,wikipedia.org
xdefiant,0.0003,767818,1,0,-0.8603,0.21,993440,ubisoft.com
"society of the snow",0.0003,980966,1,0,-,0.19,973410,wikipedia.org
"переводчик по фото",0.0003,966299,1,0,2.8242,0.19,929260,yandex.ru
"rishi sunak",0.0003,913329,1,0,1.3361,0.13,1723790,wikipedia.org
"millie bobby brown",0.0003,817323,1,0,-0.2001,0.12,3776480,instagram.com
маркет,0.0003,794018,1,0,0.0779,0.12,65640,yandex.ru
"emily willis",0.0003,847055,1,0,-0.3297,0.11,1605710,instagram.com
"cillian murphy",0.0003,762414,1,0,-0.8186,0.11,4950900,wikipedia.org
"dan schneider",0.0003,790965,1,0,-,0.09,1335370,wikipedia.org
"bianca censori",0.0003,780635,1,0,0.3388,0.09,3415990,instagram.com
"barry keoghan",0.0003,985263,1,0,-0.4535,0.08,3043770,wikipedia.org
"tn en vivo",0.0003,778206,1,0,0.1972,0.06,356780,youtube.com
"яндекс директ",0.0003,776030,1,0,0.0359,0.05,80240,yandex.ru
amazonプライムビデオ,0.0002,734783,0.9161,0.0839,0.1763,N/A,17020,amazon.co.jp
楽天競馬,0.0002,647738,0.9455,0.0545,-0.0632,N/A,134950,rakuten.co.jp
楽天ブックス,0.0002,559225,0.9585,0.0415,-0.0949,N/A,83800,rakuten.co.jp
应用宝,0.0002,761021,1,0,-0.4329,N/A,17990,qq.com
"sc4 portal",0.0002,753784,1,0,0.599,N/A,7220,sharepoint.com
雨雲レーダー,0.0002,752463,1,0,1.2755,N/A,798140,yahoo.co.jp
cf官网,0.0002,736920,1,0,0.024,N/A,2820,qq.com
"дзен ру",0.0002,733258,1,0,0.2884,N/A,75570,dzen.ru
유튜브뮤직,0.0002,723695,1,0,0.4745,N/A,34040,youtube.com
百度识图,0.0002,713027,1,0,-0.0495,N/A,11600,baidu.com
"mean girls",0.0002,703115,1,0,0.0446,N/A,2105770,wikipedia.org
"купить куклу ссср",0.0002,702200,1,0,0.0874,N/A,0,ok.ru
"miller's girl",0.0002,700136,1,0,-0.3899,N/A,1259210,wikipedia.org
云顶之弈,0.0002,694636,1,0,-0.024,N/A,13520,qq.com
"duke email",0.0002,686402,1,0,0.4904,N/A,80860,office.com
爱企查,0.0002,677960,1,0,0.2564,N/A,23840,baidu.com
腾讯电脑管家,0.0002,675130,1,0,-0.1295,N/A,5140,qq.com
庆余年第二季,0.0002,655247,1,0,-0.9322,N/A,46500,qq.com
地震速報,0.0002,645193,1,0,0.3594,N/A,869990,yahoo.co.jp
"uk election",0.0002,642759,1,0,10.022,N/A,274940,wikipedia.org
植物大战僵尸杂交版,0.0002,639724,1,0,-0.7818,N/A,9740,bilibili.com
yahooショッピング,0.0002,636624,1,0,0.3285,N/A,140570,yahoo.co.jp
百度云盘,0.0002,636128,1,0,-0.1062,N/A,21170,baidu.com
流放之路,0.0002,634831,1,0,0.2925,N/A,8080,qq.com
卡拉彼丘,0.0002,630831,1,0,0.0327,N/A,7480,qq.com
"chance perdomo",0.0002,628687,1,0,0.6652,N/A,1054760,wikipedia.org
dnf手游,0.0002,628656,1,0,-0.5426,N/A,6110,qq.com
youporn,0.0002,625363,1,0,0.0963,N/A,8171120,youporn.com
エロ動画,0.0002,623928,1,0,0.3109,N/A,1345520,pornhub.com
洛克王国,0.0002,623104,1,0,0.1894,N/A,5590,qq.com
"погода в самаре",0.0002,622868,1,0,0.0603,N/A,602590,yandex.ru
画像検索,0.0002,621647,1,0,0.4899,N/A,403830,google.co.jp
周处除三害,0.0002,621175,1,0,-0.44,N/A,122620,baidu.com
猎冰,0.0002,619245,1,0,-,N/A,25220,qq.com
"телеграмм веб ватсап веб на компьютере",0.0002,615174,1,0,0.0633,N/A,0,telegram.org
"maria zhang",0.0002,612548,1,0,-,N/A,473370,instagram.com
无畏契约高校认证,0.0002,605763,1,0,-0.2204,N/A,630,qq.com
石丸伸二,0.0002,605267,1,0,1.7358,N/A,307560,wikipedia.org
电脑管家,0.0002,597774,1,0,-0.182,N/A,5820,qq.com
"авито уфа",0.0002,597126,1,0,0.5545,N/A,165640,avito.ru
文件传输助手,0.0002,593523,1,0,-0.3485,N/A,5350,qq.com
구글번역,0.0002,592977,1,0,4.6536,N/A,718090,google.co.kr
"яндекс телемост",0.0002,583543,1,0,0.0471,N/A,39960,yandex.ru
"cameron brink",0.0002,583433,1,0,-0.8241,N/A,807730,instagram.com
台積電,0.0002,582811,1,0,0.6614,N/A,254200,yahoo.com
微信电脑版官方下载,0.0002,581234,1,0,0.0225,N/A,160,qq.com
milf,0.0002,577456,1,0,0.0923,N/A,1733350,xvideos.com
"lofi girl",0.0002,573662,1,0,-0.0822,N/A,177320,youtube.com
百度百科,0.0002,572194,1,0,-0.0223,N/A,28820,baidu.com
無料ゲーム,0.0002,569124,1,0,0.6404,N/A,220720,yahoo.co.jp
"авито дятьково",0.0002,567385,1,0,0.4378,N/A,0,avito.ru
"trump trial",0.0002,563121,1,0,-1,N/A,288940,cnn.com
ヤフーメール,0.0002,562306,1,0,0.4595,N/A,188360,yahoo.co.jp
네이버부동산,0.0002,560501,1,0,0.3765,N/A,122380,naver.com
逆战,0.0002,553728,1,0,0.5247,N/A,5130,qq.com
"meet the grahams",0.0002,549931,1,0,-1,N/A,347600,genius.com
dポイント,0.0002,547647,1,0,-0.0172,N/A,97110,docomo.ne.jp
"boy kills world",0.0002,547266,1,0,-0.9167,N/A,703700,youtube.com
白荆回廊,0.0002,546712,1,0,0.163,N/A,11030,qq.com
鳥山明,0.0002,545785,1,0,-,N/A,298830,wikipedia.org
"агентство разбитых сердец",0.0002,545555,1,0,-0.198,N/A,60,t.me
穿越火线,0.0002,545497,1,0,0.2659,N/A,7030,qq.com
おまんこ,0.0002,542022,1,0,0.3987,N/A,90960,xvideos.com
"авито пермь",0.0002,537481,1,0,0.099,N/A,40450,avito.ru
无畏契约官网,0.0002,535885,1,0,0.3655,N/A,730,qq.com
文心一言网页版,0.0002,535765,1,0,-0.1989,N/A,100,baidu.com
乗換案内,0.0002,535694,1,0,0.339,N/A,653980,jorudan.co.jp
outlook邮箱注册,0.0002,534095,1,0,0.1623,N/A,8570,live.com
gメール,0.0002,532312,1,0,1.1765,N/A,24300,google.com
"hunter biden",0.0002,531331,1,0,-0.6835,N/A,1266080,wikipedia.org
百度网盘官网,0.0002,529619,1,0,0.0625,N/A,1010,baidu.com
"mynaropa - home",0.0002,523882,1,0,-,N/A,6520,sharepoint.com
腾讯地图,0.0002,518144,1,0,-0.086,N/A,10400,qq.com
"погода смоленск",0.0002,512803,1,0,0.1011,N/A,684760,yandex.ru
プロ野球速報,0.0002,509707,1,0,0.4291,N/A,248930,yahoo.co.jp
"hurricane beryl",0.0002,507727,1,0,17.9127,N/A,1118880,noaa.gov
"деревенский дневник очень многодетной мамы",0.0002,506806,1,0,-0.0285,N/A,300,youtube.com
暗区突围,0.0002,498329,1,0,0.0062,N/A,8070,qq.com
"телеграмм веб на компьютере",0.0002,495000,1,0,0.3628,N/A,50,telegram.org
玫瑰的故事,0.0002,494568,1,0,-0.5657,N/A,110470,qq.com
プロ野球,0.0002,493354,1,0,0.0749,N/A,783390,yahoo.co.jp
水原一平,0.0002,491973,1,0,-0.6646,N/A,820890,wikipedia.org
แปลภาษา,0.0002,488381,1,0,15.5078,N/A,4325010,google.co.th
天天象棋,0.0002,483837,1,0,-0.0339,N/A,3530,qq.com
"lauren compton",0.0002,481432,1,0,0.102,N/A,744340,instagram.com
"trump shooter",0.0002,480825,1,0,-,N/A,966920,nbcnews.com
ドル円,0.0002,480570,1,0,2.2583,N/A,2708930,yahoo.co.jp
"яндекс метро",0.0002,477892,1,0,0.5084,N/A,131360,yandex.ru
"авито самара",0.0002,477351,1,0,0.3308,N/A,81500,avito.ru
"james somerton",0.0002,476403,1,0,-1,N/A,256940,youtube.com
"авито казань",0.0002,473326,1,0,0.3644,N/A,55200,avito.ru
台湾大选,0.0002,470282,1,0,-,N/A,61850,bbc.com
"hailey welch",0.0002,469347,1,0,0.4137,N/A,480260,instagram.com
"katie britt",0.0002,461963,1,0,-,N/A,322790,wikipedia.org
"северный лис яндекс дзен",0.0002,461064,1,0,-,N/A,0,dzen.ru
"sales navigator",0.0002,649600,0.6025,0.3975,0.0594,5.22,52560,linkedin.com
"john cena",0.0002,508300,1,0,-,4.98,2205480,wikipedia.org
"currently att",0.0002,628800,1,0,0.1765,4.51,129730,yahoo.com
"nba scores",0.0002,721115,1,0,-1,3.61,14827510,espn.com
"djt stock",0.0002,499094,1,0,0.3295,3.53,484810,cnn.com
asmongold,0.0002,511934,1,0,0.2789,3.52,270460,youtube.com
superbowl,0.0002,759867,1,0,-,3.48,1578750,youtube.com
"bill ackman",0.0002,487879,1,0,3.6478,3.48,416400,wikipedia.org
"iowa caucus",0.0002,535826,1,0,-,3.36,210280,nytimes.com
rihanna,0.0002,457160,1,0,-0.1356,3.25,1565240,wikipedia.org
"margaritaville cruise",0.0002,474812,0,1,-,3.16,35790,margaritavilleatsea.com
"the watchers",0.0002,482607,1,0,-0.0459,3.13,661940,wikipedia.org
knicks,0.0002,573073,1,0,0.7829,3.1,4688400,nypost.com
"simone biles",0.0002,633762,1,0,10.1784,3.02,1203510,wikipedia.org
"nyt sudoku",0.0002,554821,1,0,0.3549,2.99,157120,nytimes.com
"resume templates",0.0002,539149,0.9927,0.0073,0.1397,2.82,244660,canva.com
"football fixtures",0.0002,460114,1,0,-0.2279,2.82,633820,bbc.co.uk
"lewis hamilton",0.0002,638756,1,0,0.5984,2.78,2345060,wikipedia.org
"resume template",0.0002,692168,0.9974,0.0026,0.0639,2.76,367650,canva.com
"smiling friends",0.0002,560336,1,0,-0.2954,2.69,1015520,wikipedia.org
jynxzi,0.0002,543626,1,0,-0.1552,2.69,362300,youtube.com
halo,0.0002,492701,1,0,-1,2.68,1058150,imdb.com
"candace owens",0.0002,535584,1,0,1.9082,2.66,1367200,wikipedia.org
"fool me once",0.0002,571694,1,0,-,2.64,1174370,imdb.com
clarity,0.0002,747056,1,0,0.3911,2.62,143140,microsoft.com
"quiet on set",0.0002,477481,1,0,-1,2.59,1042590,max.com
"stock futures",0.0002,530465,1,0,0.0958,2.54,375160,cnn.com
"breckie hill",0.0002,606039,1,0,-0.4471,2.48,1227980,instagram.com
"meta stock",0.0002,658363,1,0,2.5448,2.39,1876600,yahoo.com
beyonce,0.0002,619231,1,0,0.7824,2.35,2331610,wikipedia.org
"presumed innocent",0.0002,712787,0.9817,0.0183,0.5418,2.27,627130,imdb.com
"new hampshire primary",0.0002,489479,1,0,-,2.27,268330,cnn.com
"cole palmer",0.0002,484808,1,0,1.2622,2.26,1329700,wikipedia.org
palestine,0.0002,531283,1,0,-0.9554,2.25,2921260,wikipedia.org
"ayo edebiri",0.0002,683935,1,0,0.4991,2.23,1574340,wikipedia.org
adslibrary,0.0002,694491,1,0,0.5839,2.19,18420,facebook.com
"i saw the tv glow",0.0002,719544,1,0,-0.3364,2.05,789130,wikipedia.org
"iman gadzhi",0.0002,524829,1,0,0.1465,2.05,504600,youtube.com
"shannen doherty",0.0002,465357,1,0,-,2.05,2102610,wikipedia.org
"kylie jenner",0.0002,513067,1,0,-0.0467,2,3348750,instagram.com
visio,0.0002,670240,1,0,-0.2429,1.96,210180,microsoft.com
wonka,0.0002,741246,1,0,-,1.95,2898670,wikipedia.org
madonna,0.0002,555090,1,0,-0.0389,1.94,2623160,wikipedia.org
"anne hathaway",0.0002,745753,1,0,-0.2452,1.93,4504340,wikipedia.org
"tokyo vice",0.0002,467638,1,0,-0.5479,1.92,764180,wikipedia.org
"despicable me 4",0.0002,660529,1,0,1.0927,1.89,1150820,youtube.com
"яндекс практикум",0.0002,568655,1,0,-0.0264,1.89,50510,yandex.ru
知恵袋,0.0002,529689,1,0,0.3468,1.89,317500,yahoo.co.jp
succession,0.0002,691107,1,0,0.0594,1.88,2117980,wikipedia.org
"kinds of kindness",0.0002,718659,1,0,0.1733,1.83,630100,wikipedia.org
haiti,0.0002,733033,1,0,-0.8085,1.81,1000550,foxnews.com
"fallout tv show",0.0002,746619,0.9658,0.0342,-0.8649,1.8,962340,wikipedia.org
soap2day,0.0002,669772,1,0,-0.0888,1.8,10114850,soap2day.day
"aws console login",0.0002,582371,1,0,0.3237,1.79,67940,amazon.com
"rick and morty",0.0002,498137,1,0,0.2474,1.78,1677660,wikipedia.org
"game of thrones",0.0002,628852,1,0,0.3609,1.75,3633570,wikipedia.org
caseoh,0.0002,626104,1,0,0.5706,1.73,502570,youtube.com
"band of brothers",0.0002,526187,1,0,-0.4853,1.73,1096830,wikipedia.org
"israel news",0.0002,657446,1,0,-0.3294,1.72,4247620,timesofisrael.com
"michael jackson",0.0002,537804,1,0,-0.0494,1.68,2607130,wikipedia.org
debate,0.0002,602211,1,0,-0.3464,1.65,429250,cnn.com
googledocs,0.0002,492691,1,0,1.9452,1.65,320240,google.com
"the rookie",0.0002,643062,1,0,0.066,1.64,2859640,wikipedia.org
rafah,0.0002,717173,1,0,-1,1.63,853490,aljazeera.com
"ben shapiro",0.0002,541544,1,0,1.8291,1.62,1355040,youtube.com
"tyson fury",0.0002,542203,1,0,-1,1.59,2531200,wikipedia.org
"dark matter",0.0002,728999,0.9586,0.0414,-0.2428,1.57,715600,imdb.com
"aws certification",0.0002,471045,0.754,0.246,0.1539,1.56,173100,amazon.com
"shane gillis",0.0002,540426,1,0,0.3194,1.56,1320110,wikipedia.org
"bayer leverkusen",0.0002,493526,1,0,-1,1.56,3814800,wikipedia.org
"the first omen",0.0002,618748,1,0,-0.9119,1.55,681480,wikipedia.org
"super bowl 2024",0.0002,595207,1,0,-,1.55,2155020,nfl.com
"curb your enthusiasm",0.0002,461450,1,0,-0.3053,1.55,902290,wikipedia.org
oscars,0.0002,574477,1,0,-,1.52,686780,oscars.org
"land of bad",0.0002,463307,1,0,3.6266,1.51,855420,youtube.com
brazzers,0.0002,723566,1,0,-0.0508,1.5,8935970,brazzers.com
bundesliga,0.0002,556455,1,0,-1,1.5,24641540,bundesliga.com
"francis scott key bridge",0.0002,517712,1,0,-,1.48,226720,wikipedia.org
fargo,0.0002,543414,1,0,0.1518,1.47,1407740,imdb.com
severance,0.0002,464355,1,0,0.5131,1.43,1368170,wikipedia.org
"mad max",0.0002,534561,1,0,-0.4619,1.41,1507210,wikipedia.org
suits,0.0002,582594,1,0,-0.0092,1.4,2340780,wikipedia.org
"claudine gay",0.0002,626890,1,0,-,1.39,368740,wikipedia.org
"dungeon meshi",0.0002,559333,1,0,-0.2341,1.39,558760,wikipedia.org
"solar eclipse",0.0002,521805,1,0,-,1.38,905960,nasa.gov
"jimmy carter",0.0002,594526,1,0,0.3291,1.34,1615550,wikipedia.org
xauusd,0.0002,486072,1,0,0.0589,1.34,236200,tradingview.com
ads,0.0002,506665,0.4572,0.5428,4.9411,1.31,346320,facebook.com
"sam altman",0.0002,651065,1,0,-0.4534,1.31,1129680,wikipedia.org
"kobe bryant",0.0002,518302,1,0,-0.11,1.31,1435260,wikipedia.org
putin,0.0002,570314,1,0,-0.5608,1.29,3617000,t-online.de
49ers,0.0002,676630,1,0,0.5787,1.27,4510920,sfgate.com
"one day",0.0002,552775,1,0,-0.1899,1.25,927270,wikipedia.org
onenote,0.0002,700656,1,0,3.9603,1.24,634620,onenote.com
"alexei navalny",0.0002,507804,1,0,-,1.24,433850,wikipedia.org
"ukraine news",0.0002,610068,1,0,-0.2022,1.23,2772040,fr.de
"everything everywhere all at once",0.0002,467300,1,0,0.1257,1.23,1716720,wikipedia.org
maestro,0.0002,515837,1,0,-,1.22,1294890,wikipedia.org
"katt williams",0.0002,628060,1,0,-,1.16,1495920,wikipedia.org
"hit man",0.0002,686460,1,0,-0.5309,1.15,660510,youtube.com
salaar,0.0002,461332,1,0,-,1.15,2325580,wikipedia.org
"inter miami",0.0002,597753,1,0,-1,1.14,11124990,youtube.com
napoleon,0.0002,605816,1,0,-0.1156,1.12,2170780,wikipedia.org
英訳,0.0002,514063,1,0,0.107,1.12,85160,google.co.jp
exhuma,0.0002,461863,1,0,-0.6436,1.12,1121900,youtube.com
"charli xcx",0.0002,674683,1,0,0.3084,1.11,969130,wikipedia.org
"gmail đăng nhập",0.0002,505544,1,0,3.2454,1.1,32490,google.com
"elle lee",0.0002,540699,1,0,-0.0624,1.09,485870,instagram.com
premiere,0.0002,732458,0.7538,0.2462,0.2813,1.07,199770,globo.com
"cody ko",0.0002,644056,1,0,30.805,1.06,622420,youtube.com
"jennifer lopez",0.0002,555194,1,0,-0.6788,1.06,2729560,wikipedia.org
"supreme court",0.0002,748184,1,0,1.3771,1.04,707050,cnn.com
"patrick mahomes",0.0002,546975,1,0,-,1.03,1594510,wikipedia.org
euphoria,0.0002,523142,1,0,-0.0313,1.03,3471990,wikipedia.org
"zone of interest",0.0002,745884,1,0,-1,1.02,672180,wikipedia.org
mlb,0.0002,723901,1,0,0.4594,1.02,12278190,mlb.com
epstein,0.0002,651551,1,0,-,1.02,929340,wikipedia.org
yellowstone,0.0002,756585,1,0,0.4808,1.01,3750400,wikipedia.org
"lady gaga",0.0002,569159,1,0,0.5905,1.01,2018370,wikipedia.org
afcon,0.0002,555734,1,0,-,1.01,2028880,youtube.com
sports,0.0002,549108,1,0,0.2089,1.01,665260,sports.ru
"demon slayer",0.0002,712063,1,0,0.5999,1,2134780,wikipedia.org
"jake paul",0.0002,683880,1,0,0.8109,1,2000240,wikipedia.org
pewdiepie,0.0002,488543,1,0,-0.1952,1,561520,youtube.com
"bobbi althoff",0.0002,531003,1,0,0.1799,0.99,2266420,instagram.com
"australian open",0.0002,491743,1,0,-,0.99,3786540,ausopen.com
twisters,0.0002,502910,1,0,40.3082,0.98,1261690,wikipedia.org
"color wheel",0.0002,619342,0.9491,0.0509,0.1004,0.96,840750,canva.com
"lana del rey",0.0002,666965,1,0,0.1377,0.95,2586670,wikipedia.org
"amy winehouse",0.0002,630770,1,0,-0.4967,0.95,1870540,wikipedia.org
interstellar,0.0002,632891,1,0,-0.0185,0.94,3140270,wikipedia.org
abigail,0.0002,694056,1,0,-0.83,0.93,857260,youtube.com
"king charles",0.0002,759836,1,0,-1,0.92,1198710,bbc.com
navalny,0.0002,615710,1,0,-,0.92,525770,wikipedia.org
"ingrid andress",0.0002,548666,1,0,-,0.92,832020,youtube.com
"joost klein",0.0002,694663,1,0,-1,0.91,686170,telegraaf.nl
hamas,0.0002,642755,1,0,-0.2324,0.91,2848120,wikipedia.org
spaceman,0.0002,599097,1,0,-,0.91,592830,youtube.com
"better call saul",0.0002,570347,1,0,0.2704,0.91,1457280,wikipedia.org
"civil war movie",0.0002,531871,1,0,-1,0.9,609760,wikipedia.org
"skull and bones",0.0002,527400,1,0,-,0.9,973520,ubisoft.com
"remote jobs",0.0002,719256,0.9048,0.0952,-0.0091,0.88,1035240,indeed.com
eclipse,0.0002,552732,1,0,-,0.88,1161240,eclipse.org
新聞,0.0002,483886,1,0,0.7267,0.88,402180,google.com
"emma watson",0.0002,481450,1,0,-0.5046,0.88,2755960,wikipedia.org
"r nba",0.0002,494591,1,0,0.1005,0.86,388380,reddit.com
"video editor",0.0002,478554,0.9843,0.0157,0.0884,0.85,347200,canva.com
"man city",0.0002,687809,1,0,-1,0.85,10881300,youtube.com
icloud,0.0002,560564,1,0,0.0626,0.84,5595630,icloud.com
djokovic,0.0002,529363,1,0,0.1527,0.83,3770920,wikipedia.org
"joe rogan",0.0002,513687,1,0,0.8584,0.83,1470860,wikipedia.org
"منصة مدرستي",0.0002,461139,1,0,-1,0.83,1218190,madrasati.sa
"eurovision 2024",0.0002,628462,1,0,-1,0.82,1258910,eurovision.tv
"all of us strangers",0.0002,696546,1,0,-0.2417,0.81,1387300,wikipedia.org
ecuador,0.0002,568195,1,0,-,0.81,1083970,cnn.com
arcadian,0.0002,507511,1,0,0.5457,0.8,416770,youtube.com
kalki,0.0002,515279,1,0,0.492,0.79,1150620,wikipedia.org
ronaldo,0.0002,647675,1,0,0.817,0.77,3664990,wikipedia.org
wimbledon,0.0002,642812,1,0,-,0.77,4778940,wimbledon.com
"madison beer",0.0002,591519,1,0,0.0203,0.77,1968490,instagram.com
"open ai",0.0002,590033,1,0,-0.9192,0.77,1359620,openai.com
"gladiator 2",0.0002,704894,1,0,40.3871,0.75,1253610,youtube.com
"michael jordan",0.0002,492257,1,0,-0.1892,0.75,1637150,wikipedia.org
poe,0.0002,475231,1,0,2.3194,0.75,1604250,poe.com
fmovies,0.0002,717981,1,0,2.2834,0.73,10745240,fmovies.co
venezuela,0.0002,640881,1,0,115.0595,0.73,1690970,elpais.com
"justin bieber",0.0002,540097,1,0,-0.4431,0.73,1850340,instagram.com
roadhouse,0.0002,470065,1,0,-1,0.73,1069050,imdb.com
wwe,0.0002,495174,1,0,0.0887,0.71,4861650,wwe.com
"tate mcrae",0.0002,476937,1,0,0.1555,0.71,1588860,wikipedia.org
"work from home jobs",0.0002,480496,0.9003,0.0997,-0.0789,0.7,721850,indeed.com
"chrome download",0.0002,626332,0.9644,0.0356,2.771,0.7,212300,google.com
"black mirror",0.0002,475152,1,0,-0.3617,0.7,1147330,wikipedia.org
"marry my husband",0.0002,508544,1,0,-1,0.68,1892660,wikipedia.org
"prime day",0.0002,721297,0.9759,0.0241,12.5088,0.67,457890,amazon.com
"manor lords",0.0002,565727,0.9985,0.0015,-1,0.66,769260,steampowered.com
"prime video login",0.0002,655436,0.9515,0.0485,0.0129,0.65,304480,primevideo.com
"ice spice",0.0002,483261,1,0,6.2221,0.64,2129540,wikipedia.org
nato,0.0002,655671,1,0,0.4093,0.63,1049000,wikipedia.org
"three body problem",0.0002,692143,1,0,-0.8568,0.6,527750,wikipedia.org
"챗 gpt",0.0002,458108,1,0,0.2106,0.6,78020,openai.com
"the sympathizer",0.0002,515561,1,0,-0.8794,0.59,339340,wikipedia.org
s24,0.0002,704531,0.6439,0.3561,-0.1481,0.58,959390,samsung.com
immaculate,0.0002,741866,1,0,-0.661,0.58,852660,youtube.com
"shohei ohtani",0.0002,546357,1,0,-0.8956,0.58,1610700,wikipedia.org
"stranger things",0.0002,495987,1,0,0.1483,0.58,2928190,wikipedia.org
"man utd",0.0002,463701,1,0,0.7679,0.58,7826380,youtube.com
"valor economico",0.0002,572015,0.9257,0.0743,0.1373,0.57,25540,globo.com
"alex pereira",0.0002,538085,1,0,0.5977,0.56,1325580,wikipedia.org
"carlos alcaraz",0.0002,517729,1,0,0.3935,0.55,3130270,wikipedia.org
neymar,0.0002,703677,1,0,0.1423,0.54,4390840,wikipedia.org
"jason kelce",0.0002,621318,1,0,-,0.53,1548210,wikipedia.org
"luka doncic",0.0002,518156,1,0,-1,0.53,1781760,wikipedia.org
"gmail iniciar sesión",0.0002,500022,1,0,2.788,0.53,167390,google.com
"manchester united",0.0002,733560,1,0,0.7777,0.52,14633340,manutd.com
"photo editor",0.0002,702885,0.9241,0.0759,0.0225,0.5,383830,canva.com
"mr and mrs smith",0.0002,493648,0.9856,0.0144,-0.229,0.5,885700,imdb.com
kinopoisk,0.0002,748125,1,0,0.2909,0.49,139450,yandex.ru
乗り換え,0.0002,669278,1,0,0.3303,0.49,453410,yahoo.co.jp
"jon jones",0.0002,531775,1,0,0.6592,0.48,1175420,wikipedia.org
brasileirao,0.0002,591727,1,0,0.5353,0.47,9609580,globo.com
"florence pugh",0.0002,526265,1,0,2.7516,0.47,3370340,wikipedia.org
"ricky stanicky",0.0002,499781,1,0,-,0.47,801200,youtube.com
"jude bellingham",0.0002,736667,1,0,0.0121,0.46,3013660,wikipedia.org
"traductor inglés español",0.0002,500608,1,0,1.8926,0.46,2122630,google.com
gshow,0.0002,642447,1,0,0.2248,0.45,107030,globo.com
"copa america 2024",0.0002,744104,1,0,1.3157,0.44,5042260,wikipedia.org
"us map",0.0002,472343,0.2575,0.7425,0.0066,0.43,1511930,geology.com
"power automate",0.0002,706968,0.8425,0.1575,-0.0376,0.43,229800,microsoft.com
chelsea,0.0002,680334,1,0,-0.1778,0.43,13091130,chelseafc.com
ps5,0.0002,486263,0.6045,0.3955,-0.0212,0.42,5373800,playstation.com
"perfect days",0.0002,585218,1,0,0.0187,0.42,847900,youtube.com
"jensen huang",0.0002,550752,1,0,-0.5402,0.41,384750,wikipedia.org
"calendar 2024",0.0002,511290,0.0195,0.9805,-0.0941,0.39,1071570,timeanddate.com
"peaky blinders",0.0002,694877,1,0,-0.0441,0.39,3644950,wikipedia.org
"jannik sinner",0.0002,617451,1,0,-0.0337,0.39,2823510,wikipedia.org
"ghost of tsushima",0.0002,566361,1,0,-0.6535,0.38,1809320,steampowered.com
zap,0.0002,482109,1,0,2.7096,0.38,250960,whatsapp.com
"iphone 14",0.0002,533065,0.7945,0.2055,0.0115,0.37,4402110,apple.com
"claudia sheinbaum",0.0002,535609,1,0,-1,0.37,656450,wikipedia.org
"lex fridman",0.0002,505131,1,0,-,0.37,483860,wikipedia.org
эротика,0.0002,456801,1,0,0.3641,0.37,502450,tne.onporn.fun
cartola,0.0002,502823,0.9947,0.0053,0.4411,0.36,135800,globo.com
"hillbilly elegy",0.0002,570441,1,0,-,0.36,516240,wikipedia.org
aol,0.0002,519225,1,0,0.131,0.36,2471460,aol.com
"карта осадков",0.0002,628192,1,0,0.183,0.35,228260,yandex.ru
"futebol hoje",0.0002,699641,1,0,0.1541,0.34,185440,globo.com
vlookup,0.0002,524456,1,0,0.084,0.34,255180,microsoft.com
"mac mini",0.0002,542753,0.7634,0.2366,0.0567,0.33,336170,apple.com
"may december",0.0002,513848,1,0,-,0.33,1116230,wikipedia.org
"airpods pro",0.0002,555381,0.8773,0.1227,0.0606,0.32,1588090,apple.com
"jojo siwa",0.0002,709338,1,0,-0.2768,0.32,1567100,wikipedia.org
"oscars 2024",0.0002,642278,1,0,-,0.32,926870,oscars.org
heeramandi,0.0002,532800,1,0,-1,0.32,1244240,wikipedia.org
"gypsy rose",0.0002,527598,1,0,-,0.31,2275840,wikipedia.org
"jake gyllenhaal",0.0002,513881,1,0,-0.1249,0.31,3581920,wikipedia.org
"the iron claw",0.0002,601488,1,0,-1,0.3,1908360,wikipedia.org
"네이버 부동산",0.0002,653652,1,0,0.1839,0.29,124810,naver.com
"nicole shanahan",0.0002,488069,1,0,-1,0.28,289270,wikipedia.org
"cartola fc",0.0002,574228,1,0,0.3183,0.27,110350,globo.com
"شات جي بي تي",0.0002,548549,1,0,0.9167,0.27,178640,chatgpt.com
"glen powell",0.0002,689430,1,0,0.1129,0.26,3010430,wikipedia.org
noticias,0.0002,648692,1,0,0.4983,0.24,1453790,google.com
"christopher nolan",0.0002,525329,1,0,-0.1334,0.24,2173820,wikipedia.org
"яндекс такси",0.0002,494043,1,0,0.1159,0.24,248450,yandex.ru
"yotube music",0.0002,621138,1,0,0.0243,0.23,43700,youtube.com
enshrouded,0.0002,600715,1,0,-,0.23,962080,steampowered.com
"перевод по фото",0.0002,704526,1,0,1.1559,0.21,348620,yandex.ru
颱風,0.0002,509011,1,0,23.5165,0.21,1005600,yahoo.com
griselda,0.0002,645633,1,0,-,0.2,1015180,wikipedia.org
"harry kane",0.0002,572022,1,0,1.1916,0.2,2481270,wikipedia.org
selçuksports,0.0002,543003,1,0,2.565,0.2,1241910,selcuksportshd78.com
"nava mau",0.0002,530479,1,0,-1,0.2,1325660,instagram.com
"timothee chalamet",0.0002,491109,1,0,-,0.2,2962140,wikipedia.org
"japan earthquake",0.0002,572410,1,0,-,0.19,340230,cnn.com
"alien romulus",0.0002,659097,1,0,-0.0493,0.18,750940,youtube.com
天氣,0.0002,543657,1,0,-0.6405,0.18,4547560,cwa.gov.tw
"яндекс поиск по картинке",0.0002,475541,1,0,-0.1156,0.18,149380,yandex.ru
"donald sutherland",0.0002,633590,1,0,-0.5392,0.17,1770580,wikipedia.org
"natalie portman",0.0002,497070,1,0,0.3326,0.17,3124170,wikipedia.org
maxxxine,0.0002,468324,1,0,4.1666,0.17,1066460,wikipedia.org
"sean strickland",0.0002,617293,1,0,-0.4009,0.16,1622210,wikipedia.org
"caze tv",0.0002,524648,1,0,3.3338,0.16,45420,youtube.com
アマプラ,0.0002,708137,0.6904,0.3096,0.0207,0.15,159800,amazon.co.jp
"яндекс лавка",0.0002,556461,1,0,0.5693,0.15,77650,yandex.ru
"alan ritchson",0.0002,518169,1,0,-1,0.15,2604670,wikipedia.org
nettruyen,0.0002,462615,1,0,-1,0.15,2541690,nettruyenco.vn
"blue eye samurai",0.0002,560639,1,0,-0.2543,0.13,1117270,wikipedia.org
"arcane season 2",0.0002,521304,1,0,-0.1669,0.13,468720,netflix.com
навальный,0.0002,515064,1,0,-,0.13,289710,wikipedia.org
"ютубе мюзик",0.0002,503960,1,0,-0.1405,0.13,14520,youtube.com
"роблокс скачать",0.0002,464271,1,0,0.0515,0.13,41840,roblox.com
yasuke,0.0002,605837,1,0,-0.5097,0.12,440430,wikipedia.org
"toni kroos",0.0002,551744,1,0,-0.5085,0.12,1352760,wikipedia.org
"kevin spacey",0.0002,482188,1,0,-0.5656,0.12,1403000,wikipedia.org
"carl weathers",0.0002,715980,1,0,-,0.11,1780670,wikipedia.org
"rebecca ferguson",0.0002,607153,1,0,-1,0.11,2406460,wikipedia.org
"gabriel attal",0.0002,555570,1,0,0.5928,0.11,924250,wikipedia.org
"dakota johnson",0.0002,537007,1,0,-0.2741,0.11,3480180,wikipedia.org
"jenna ortega",0.0002,530600,1,0,-0.4731,0.11,4032410,instagram.com
"ana de armas",0.0002,521727,1,0,-0.5677,0.11,3929860,instagram.com
"sophie rain",0.0002,475559,1,0,1.6078,0.11,779860,instagram.com
"biblioteca de anuncio",0.0002,629865,1,0,0.0311,0.1,8190,facebook.com
"griselda blanco",0.0002,614713,1,0,-,0.1,1587970,wikipedia.org
"12th fail",0.0002,553519,1,0,0.1766,0.1,2161360,hotstar.com
"vince mcmahon",0.0002,543227,1,0,-,0.1,1511800,wikipedia.org
"austin butler",0.0002,529774,1,0,-0.0491,0.1,2655780,wikipedia.org
illit,0.0002,493730,1,0,-1,0.1,499790,kprofiles.com
"eiza gonzález",0.0002,486640,1,0,-0.3677,0.1,1915780,instagram.com
"terrence howard",0.0002,486328,1,0,-0.5613,0.1,1197950,wikipedia.org
"chipi chipi chapa chapa",0.0002,470887,1,0,-,0.1,276240,youtube.com
"hunter schafer",0.0002,721948,1,0,-0.1532,0.09,1924630,wikipedia.org
"jeremy allen white",0.0002,585512,1,0,0.8414,0.09,2982760,wikipedia.org
"amanda bynes",0.0002,555243,1,0,0.1149,0.09,1849750,wikipedia.org
"miley cyrus",0.0002,510042,1,0,-0.4323,0.09,2490800,theblast.com
"robert downey jr",0.0002,465819,1,0,12.0966,0.09,1543570,wikipedia.org
"dafne keen",0.0002,457467,1,0,1.1905,0.09,1521670,instagram.com
"henry cavill",0.0002,594713,1,0,0.1554,0.08,3657540,wikipedia.org
traduci,0.0002,618090,1,0,-0.2793,0.03,463790,google.it
ヨドバシドットコム,0.0001,434588,0.9449,0.0551,0.575,N/A,62980,yodobashi.com
楽天ゴルフ,0.0001,441505,0.9789,0.0211,0.0409,N/A,16720,rakuten.co.jp
네이버쇼핑,0.0001,442078,0.9847,0.0153,0.2165,N/A,105810,naver.com
"楽天 ふるさと納税",0.0001,428267,0.9944,0.0056,-0.0129,N/A,88400,rakuten.co.jp
"яндекс недвижимость",0.0001,408540,0.9957,0.0043,0.2491,N/A,40310,ya.ru
"claudia doumit",0.0001,456350,1,0,0.552,N/A,805880,wikipedia.org
"оцифровка видеокассет в омске",0.0001,453838,1,0,0.0302,N/A,0,avito.ru
地图百度,0.0001,453509,1,0,0.3318,N/A,5290,baidu.com
qq游戏,0.0001,453372,1,0,0.0937,N/A,6840,qq.com
"авито санкт-петербург и лен обл",0.0001,453281,1,0,0.1594,N/A,0,avito.ru
"юрий подоляка",0.0001,453221,1,0,-0.1947,N/A,113100,rutube.ru
リアルタイム検索,0.0001,452391,1,0,0.4402,N/A,170920,yahoo.co.jp
楽天ふるさと納税,0.0001,449569,1,0,0.0139,N/A,128420,rakuten.co.jp
"ntu intranet",0.0001,448161,1,0,10.5401,N/A,3770,sharepoint.com
"meta library",0.0001,447902,1,0,-0.0472,N/A,18260,facebook.com
"ольга ульянкина красногорск",0.0001,446081,1,0,0.0285,N/A,0,ok.ru
"uk election results",0.0001,445369,1,0,-,N/A,152750,theguardian.com
金铲铲,0.0001,445302,1,0,-0.5488,N/A,11940,qq.com
колосовка,0.0001,443866,1,0,0.0357,N/A,0,ok.ru
"dカード ログイン",0.0001,443812,1,0,-0.0355,N/A,16700,docomo.ne.jp
"kris tyson",0.0001,437506,1,0,23.5596,N/A,431590,instagram.com
"валберис интернет-магазин каталог товаров и цены на 2024 год",0.0001,436692,1,0,-0.291,N/A,0,wildberries.ru
youtube公式,0.0001,429937,1,0,0.4274,N/A,300,youtube.com
вордстат,0.0001,427458,1,0,0.1772,N/A,24070,yandex.ru
"авито екатеринбург",0.0001,427106,1,0,-0.0452,N/A,63800,avito.ru
"hydra launcher",0.0001,424351,1,0,-0.3032,N/A,60860,youtube.com
"авито калининград",0.0001,422156,1,0,0.607,N/A,81790,avito.ru
猫ミーム,0.0001,421917,1,0,-0.2878,N/A,99580,yahoo.co.jp
芦原妃名子,0.0001,421909,1,0,-1,N/A,394580,wikipedia.org
"погода петрозаводск вк",0.0001,421770,1,0,-0.0201,N/A,168520,vk.com
yahoo路線,0.0001,420964,1,0,0.5182,N/A,54700,yahoo.co.jp
директ,0.0001,416333,1,0,0.4137,N/A,27630,yandex.ru
无畏契约改名,0.0001,415564,1,0,0.0987,N/A,1280,qq.com
"я карты",0.0001,414270,1,0,0.1554,N/A,27010,yandex.ru
"gmail ログイン 画面",0.0001,412035,1,0,1.3267,N/A,30,google.com
шарий,0.0001,411504,1,0,-0.3477,N/A,117660,youtube.com
"nasdaq: nvda",0.0001,411069,1,0,-0.1401,N/A,3264980,yahoo.com
טוויטר,0.0001,410805,1,0,1.2425,N/A,171990,twitter.com
楽天アフィリエイト,0.0001,410764,1,0,-0.1001,N/A,24630,rakuten.co.jp
金铲铲之战,0.0001,409052,1,0,-0.4887,N/A,7760,qq.com
"авито нижний новгород",0.0001,407213,1,0,-0.1987,N/A,25540,avito.ru
"sweet baby inc",0.0001,406406,1,0,-0.6726,N/A,289650,sweetbabyinc.com
全民k歌,0.0001,405292,1,0,-0.0406,N/A,16240,qq.com
r/nba,0.0001,405004,1,0,-0.2097,N/A,316720,reddit.com
구글번역기,0.0001,397816,1,0,4.1182,N/A,182510,google.com
ラジオ体操第一,0.0001,397648,1,0,0.2004,N/A,35640,youtube.com
"ryan reynolds",0.0001,421277,1,0,1.1018,6.45,3342210,wikipedia.org
"genshin leaks",0.0001,403839,1,0,0.2534,4.39,249870,reddit.com
"sam sulek",0.0001,454269,1,0,-0.6733,3.63,1167650,youtube.com
"in a violent nature",0.0001,403108,1,0,0.0624,3.48,568070,youtube.com
"ufc 300",0.0001,429914,1,0,-,3.11,2561440,ufc.com
"sudoku nyt",0.0001,437424,1,0,-0.0179,2.61,127100,nytimes.com
"renee rapp",0.0001,400027,1,0,-,2.5,1047560,wikipedia.org
"iran president",0.0001,439434,1,0,-1,2.39,359370,cnn.com
"nba games",0.0001,413420,1,0,-1,2.36,9654280,youtube.com
"bryan johnson",0.0001,401810,1,0,-0.6293,2.17,794280,wikipedia.org
"att outage",0.0001,418570,1,0,-,2.16,200240,cnn.com
"true detective season 4",0.0001,426117,1,0,-,2.12,800200,wikipedia.org
"angel reese",0.0001,421471,1,0,-0.5855,2.09,1373080,espn.com
英語,0.0001,408726,1,0,0.0389,2.09,93560,google.co.jp
tiktokshop,0.0001,398298,0.6826,0.3174,0.015,1.99,57390,tiktok.com
"fba calculator",0.0001,400255,1,0,0.0654,1.96,37530,amazon.com
오딘,0.0001,408592,1,0,0.598,1.95,18520,daum.net
"europa league",0.0001,453860,1,0,-1,1.9,8124520,youtube.com
"a quiet place day one",0.0001,406054,1,0,1.4989,1.88,842700,wikipedia.org
"nba draft",0.0001,430821,1,0,-0.4104,1.8,608910,nba.com
"ebrahim raisi",0.0001,415988,1,0,-1,1.78,278170,wikipedia.org
"tom cruise",0.0001,400308,1,0,0.1025,1.71,3613830,wikipedia.org
"top stories",0.0001,397293,1,0,0.6251,1.71,217150,msn.com
"delicious in dungeon",0.0001,411270,1,0,-0.5852,1.68,284010,wikipedia.org
"azure devops",0.0001,407340,1,0,0.1901,1.66,137030,microsoft.com
"code 8",0.0001,397305,1,0,-,1.57,626550,imdb.com
prince,0.0001,404248,1,0,-0.1832,1.55,1129760,wikipedia.org
"dow futures",0.0001,450677,1,0,0.3213,1.53,499950,cnn.com
リアルタイム,0.0001,407283,1,0,0.2976,1.51,472140,yahoo.co.jp
"asian cup",0.0001,400695,1,0,-,1.5,1359510,wikipedia.org
"cover letter template",0.0001,413792,1,0,0.1637,1.49,263180,indeed.com
"no country for old men",0.0001,400997,1,0,-0.203,1.47,1348020,wikipedia.org
baltimore,0.0001,451475,1,0,-,1.36,919480,cnn.com
"cv template",0.0001,424572,0.992,0.008,0.0335,1.34,358730,canva.com
"chicago bears",0.0001,424252,1,0,2.4803,1.34,2262980,sportsmockery.com
beetlejuice,0.0001,414716,1,0,0.109,1.31,1839740,wikipedia.org
"the walking dead",0.0001,406737,1,0,0.0228,1.31,1974460,wikipedia.org
"one note",0.0001,431241,1,0,2.5987,1.25,333520,onenote.com
"doja cat",0.0001,455039,1,0,-0.5355,1.24,2253070,wikipedia.org
"jo koy",0.0001,400861,1,0,-,1.23,437890,wikipedia.org
툰코,0.0001,418343,1,0,-0.1077,1.22,2239150,t.me
"nayib bukele",0.0001,432996,1,0,-0.6145,1.19,524220,wikipedia.org
"max verstappen",0.0001,429152,1,0,-0.1618,1.13,2369580,wikipedia.org
"the creator",0.0001,437491,1,0,-0.0887,1.09,2238720,youtube.com
ucl,0.0001,409424,1,0,-1,1.09,6836720,sonyliv.com
"french open",0.0001,416272,1,0,-1,1.08,2014060,rolandgarros.com
"nigel farage",0.0001,428671,1,0,0.1746,1.06,540120,wikipedia.org
laufey,0.0001,445052,1,0,-0.2434,1.02,888660,wikipedia.org
"brad pitt",0.0001,418569,1,0,-0.3921,1,3783560,wikipedia.org
"the marvels",0.0001,414270,1,0,-,1,3026750,wikipedia.org
"fb library",0.0001,410611,1,0,0.0344,0.99,11260,facebook.com
eurovision,0.0001,429438,1,0,-1,0.98,787790,eurovision.tv
"brown noise",0.0001,432173,1,0,-0.1416,0.96,292870,youtube.com
libertadores,0.0001,410458,1,0,-0.7218,0.96,4343980,globo.com
"гороскоп на сегодня",0.0001,407868,1,0,0.3193,0.96,95420,mail.ru
"a quiet place",0.0001,419418,1,0,1.3771,0.94,1260920,wikipedia.org
safari,0.0001,444275,0.9994,0.0006,0.1712,0.93,721720,apple.com
aniwave,0.0001,433149,1,0,-0.0768,0.93,3330290,aniwave.to
"post malone",0.0001,433718,1,0,-0.1902,0.91,1638310,wikipedia.org
"wrestlemania 40",0.0001,413109,1,0,-,0.86,618070,wikipedia.org
"fb ads manager",0.0001,436929,0.7211,0.2789,0.3891,0.85,22460,facebook.com
"avril lavigne",0.0001,399142,1,0,0.4647,0.81,1322400,wikipedia.org
"fani willis",0.0001,429329,1,0,-1,0.79,734570,newsweek.com
"stephen hawking",0.0001,424726,1,0,-1,0.79,938060,wikipedia.org
"drake bell",0.0001,419921,1,0,-,0.78,1092720,wikipedia.org
cv,0.0001,405440,1,0,0.0515,0.78,1141900,canva.com
"galaxy s24",0.0001,418966,0.6715,0.3285,0.0844,0.77,648320,samsung.com
barcelona,0.0001,439662,1,0,0.6613,0.76,12836400,youtube.com
dunki,0.0001,428479,1,0,-,0.76,1999480,wikipedia.org
"star wars",0.0001,417511,1,0,-0.2102,0.73,1617010,wikipedia.org
"virat kohli",0.0001,426401,1,0,0.3558,0.71,6474970,hindustantimes.com
"elden ring",0.0001,422444,0.9931,0.0069,0.1114,0.66,2295810,steampowered.com
"megan thee stallion",0.0001,400159,1,0,0.5572,0.66,1765410,wikipedia.org
"アマゾン 本",0.0001,453282,1,0,0.1437,0.61,4900,amazon.co.jp
940,0.0001,410603,1,0,-0.1544,0.59,285530,yahoo.com
"iphone se",0.0001,398565,0.9425,0.0575,0.0489,0.56,1015020,apple.com
"resident alien",0.0001,445912,1,0,-0.0017,0.55,763020,imdb.com
honnyaku,0.0001,402714,1,0,0.1881,0.55,147370,google.co.jp
"percy jackson and the olympians",0.0001,428257,1,0,-,0.54,616090,imdb.com
"ai image generator free",0.0001,439430,0.9797,0.0203,0.0682,0.52,288770,deepai.org
yemen,0.0001,413562,1,0,-,0.51,1174150,wikipedia.org
"twin peaks",0.0001,399848,1,0,-0.1137,0.51,1436710,wikipedia.org
"ilia topuria",0.0001,442676,1,0,-,0.5,723420,wikipedia.org
"rfk jr",0.0001,415625,1,0,0.6317,0.5,841680,wikipedia.org
"percy jackson",0.0001,426950,1,0,-,0.49,1731810,wikipedia.org
tver,0.0001,411922,0.9863,0.0137,0.8916,0.46,959700,tver.jp
"visual c",0.0001,455811,1,0,0.1269,0.45,127860,microsoft.com
"слово пацана",0.0001,445071,1,0,1.5203,0.43,693200,yandex.ru
"copa do brasil",0.0001,434655,1,0,2.0697,0.43,1947810,globo.com
"klay thompson",0.0001,425044,1,0,3.1525,0.43,1540950,wikipedia.org
"demolition ranch",0.0001,408208,1,0,-,0.43,127020,youtube.com
"logo maker",0.0001,415946,0.9167,0.0833,0.1718,0.42,706410,logomaker.com
imac,0.0001,430910,0.65,0.35,-0.0793,0.41,399020,apple.com
"harvey weinstein",0.0001,403288,1,0,-,0.41,935340,wikipedia.org
"ipad mini",0.0001,438650,0.7995,0.2005,-0.0893,0.4,596860,apple.com
"keanu reeves",0.0001,437500,1,0,0.2654,0.4,2638700,wikipedia.org
"5 minute timer",0.0001,418834,1,0,-1,0.4,533340,youtube.com
"jim harbaugh",0.0001,409381,1,0,-,0.4,891950,wikipedia.org
euro,0.0001,446144,1,0,0.6334,0.35,6179240,tv360.vn
tizu,0.0001,410217,1,0,0.4017,0.35,31810,google.co.jp
columbia,0.0001,400772,1,0,-,0.34,1370860,columbia.com
"toby keith",0.0001,397222,1,0,-,0.34,1692760,wikipedia.org
"seaport uncw",0.0001,436153,1,0,3.4004,0.33,3110,sharepoint.com
"the first descendant",0.0001,455987,1,0,6.2168,0.32,913130,steampowered.com
appstore,0.0001,412356,1,0,0.0872,0.32,188740,apple.com
"met gala",0.0001,397849,1,0,-1,0.3,451110,vogue.com
fotos,0.0001,404541,1,0,4.3915,0.29,1145590,google.com
"celine dion",0.0001,441068,1,0,2.9773,0.28,3097100,wikipedia.org
"kyrie irving",0.0001,424638,1,0,-1,0.28,1723410,wikipedia.org
"aaron rodgers",0.0001,410921,1,0,-,0.27,2040230,wikipedia.org
"robert fico",0.0001,441259,1,0,-1,0.25,459810,wikipedia.org
"lively wallpaper",0.0001,449249,1,0,0.2776,0.24,218700,microsoft.com
calculator,0.0001,446034,1,0,0.0119,0.24,25297070,calculator.net
"anthony joshua",0.0001,424379,1,0,-1,0.23,993440,wikipedia.org
"новости дзен",0.0001,412970,1,0,0.3762,0.21,34790,dzen.ru
pakistan,0.0001,408578,1,0,0.1916,0.21,2052440,wikipedia.org
"lana rhoades",0.0001,425960,1,0,0.0283,0.18,1983090,instagram.com
"clint eastwood",0.0001,411783,1,0,0.0444,0.17,2882020,wikipedia.org
"гугл плей",0.0001,437974,1,0,1.8783,0.16,48870,google.com
vasco,0.0001,430349,1,0,1.2105,0.16,6676160,netvasco.com.br
"テム 通販",0.0001,404811,0.9973,0.0027,0.3871,0.15,9340,temu.com
fighter,0.0001,455081,1,0,-,0.15,1253970,wikipedia.org
"яндекс афиша",0.0001,453801,1,0,0.1882,0.15,117700,yandex.ru
"bridgit mendler",0.0001,413383,1,0,0.3024,0.14,952630,wikipedia.org
"lisa frankenstein",0.0001,399944,1,0,-,0.14,832340,wikipedia.org
"скачать роблокс",0.0001,425062,1,0,0.2376,0.13,39030,roblox.com
"bill belichick",0.0001,402216,1,0,-1,0.12,963410,wikipedia.org
メルカリ,0.0001,419848,0.9346,0.0654,0.26,0.11,2140550,mercari.com
"denis villeneuve",0.0001,443006,1,0,0.2169,0.11,903840,wikipedia.org
"jacob elordi",0.0001,409514,1,0,-1,0.11,3355810,wikipedia.org
"r soccer",0.0001,407123,1,0,0.2279,0.11,261590,reddit.com
"tom holland",0.0001,402004,1,0,-0.4342,0.11,2582110,wikipedia.org
"brian peck",0.0001,397646,1,0,-,0.11,642740,wikipedia.org
"robin williams",0.0001,397582,1,0,-0.043,0.11,2182650,wikipedia.org
"eva elfie",0.0001,427226,1,0,0.1091,0.1,1171840,instagram.com
"nicholas galitzine",0.0001,406650,1,0,-1,0.1,2478290,wikipedia.org
"jonathan majors",0.0001,450505,1,0,-,0.09,2479380,wikipedia.org
"lily gladstone",0.0001,439506,1,0,-,0.09,1000200,wikipedia.org
"игры онлайн бесплатно",0.0001,422868,1,0,-0.0205,0.09,93900,yandex.ru
"alec baldwin",0.0001,419531,1,0,-,0.09,1566400,wikipedia.org
endrick,0.0001,410493,1,0,-0.1815,0.09,1245640,wikipedia.org
"amber heard",0.0001,405422,1,0,2.2915,0.09,2679340,wikipedia.org
"sophia leone",0.0001,402431,1,0,-1,0.09,666850,instagram.com
"карта метро",0.0001,433629,1,0,0.1038,0.08,264080,yandex.ru
"nico williams",0.0001,403360,1,0,2.0011,0.08,1363760,wikipedia.org
"kagney linn karter",0.0001,419840,1,0,-,0.07,390290,instagram.com
