Codi,Municipi,Naixements,Defuncions,Matrimonis
250019,Abella de la Conca,1,0,0
080018,Abrera,90,97,35
250024,Àger,0,15,3
250030,Agramunt,51,59,7
080023,Aguilar de Segarra,3,5,2
170010,Agullana,4,14,2
080142,Aiguafreda,18,48,8
430017,Aiguamúrcia,5,7,2
170025,Aiguaviva,2,4,3
250387,Aitona,19,48,4
250045,"Alamús, els",3,10,3
250058,Alàs i Cerc,1,2,0
250061,"Albagés, l'",1,9,0
170031,Albanyà,4,1,0
250077,Albatàrrec,22,17,4
250083,Albesa,5,14,0
250096,"Albi, l'",5,8,1
430022,Albinyana,12,30,10
430038,"Albiol, l'",3,4,1
170046,Albons,4,10,2
430043,Alcanar,63,121,21
250100,Alcanó,2,5,0
250117,Alcarràs,103,134,10
250122,Alcoletge,37,24,7
430056,Alcover,42,45,11
439044,"Aldea, l'",30,36,4
430069,Aldover,2,10,1
430075,"Aleixar, l'",3,5,1
080039,Alella,60,145,33
430081,Alfara de Carles,3,4,1
250138,Alfarràs,23,34,3
250143,Alfés,1,1,1
430094,Alforja,13,23,7
250156,Algerri,2,6,2
250169,Alguaire,18,25,5
250175,Alins,1,5,0
430108,Alió,6,3,2
250194,Almacelles,58,75,18
250208,Almatret,1,3,0
250215,Almenar,22,37,4
430115,Almoster,6,8,3
250220,Alòs de Balaguer,1,3,0
170062,Alp,8,12,8
080044,Alpens,1,3,0
250236,Alpicat,42,42,17
250241,Alt Àneu,1,4,1
430120,Altafulla,37,41,14
170078,Amer,17,30,7
430136,"Ametlla de Mar, l'",41,93,9
080057,"Ametlla del Vallès, l'",47,95,22
439060,"Ampolla, l'",26,37,11
430141,Amposta,150,197,34
170084,Anglès,47,46,8
250273,Anglesola,9,20,1
250292,Arbeca,13,28,1
430167,"Arboç, l'",63,60,10
430154,Arbolí,0,3,0
170097,Arbúcies,44,67,15
080060,Arenys de Mar,96,249,31
080076,Arenys de Munt,60,110,27
170101,Argelaguer,1,3,1
080082,Argençola,1,3,0
430173,"Argentera, l'",0,0,0
080095,Argentona,85,110,19
170118,"Armentera, l'",10,16,2
430189,Arnes,1,6,2
250313,Arres,1,2,0
250328,Arsèguel,0,1,0
080109,Artés,52,81,16
250334,Artesa de Lleida,8,17,1
250349,Artesa de Segre,22,45,4
430192,Ascó,8,31,3
250365,Aspa,1,3,0
250371,"Avellanes i Santa Linya, les",1,8,0
080116,Avià,14,33,7
080121,Avinyó,16,34,4
170123,Avinyonet de Puigventós,11,8,2
080137,Avinyonet del Penedès,6,18,6
080155,Badalona,1743,2100,379
089045,Badia del Vallès,96,135,27
080168,Bagà,9,53,4
250390,Baix Pallars,1,2,0
250404,Balaguer,147,202,44
080174,Balenyà,19,38,12
080180,Balsareny,24,50,5
430206,Banyeres del Penedès,25,19,1
170157,Banyoles,178,206,49
250411,Barbens,8,9,3
430213,Barberà de la Conca,4,7,2
082520,Barberà del Vallès,237,305,58
080193,Barcelona,12279,19801,2978
250426,"Baronia de Rialb, la",0,1,1
170160,Bàscara,3,12,2
250447,Bassella,1,3,0
430228,Batea,15,34,2
250450,Bausen,0,0,0
080207,Begues,45,53,17
170139,Begur,20,32,7
250463,Belianes,1,7,0
251706,Bellaguarda,2,7,1
170182,Bellcaire d'Empordà,3,6,2
250479,Bellcaire d'Urgell,7,18,3
250485,Bell-lloc d'Urgell,17,27,8
250498,Bellmunt d'Urgell,2,4,0
430234,Bellmunt del Priorat,3,3,1
080214,Bellprat,0,0,0
250501,Bellpuig,43,51,18
430249,Bellvei,15,16,7
250518,Bellver de Cerdanya,20,24,5
250523,Bellvís,16,30,3
250539,Benavent de Segrià,9,15,6
430252,Benifallet,4,5,1
430265,Benissanet,6,16,1
080229,Berga,124,234,45
170195,Besalú,12,26,6
170209,Bescanó,43,34,6
170216,Beuda,0,1,0
080235,Bigues i Riells del Fai,56,65,10
250557,Biosca,0,3,0
170221,"Bisbal d'Empordà, la",97,100,32
430271,"Bisbal de Falset, la",0,3,1
430287,"Bisbal del Penedès, la",32,42,7
172348,Biure,0,6,1
430290,Blancafort,4,6,1
170237,Blanes,291,369,87
170293,Boadella i les Escaules,1,2,1
170242,Bolvir,3,4,0
430304,Bonastre,1,7,0
250576,"Bòrdes, Es",2,0,2
170255,Bordils,17,18,5
250582,"Borges Blanques, les",40,72,12
430311,"Borges del Camp, les",18,21,1
170268,Borrassà,9,5,2
080240,Borredà,2,5,2
250595,Bossòst,2,10,4
430326,Bot,2,8,0
430332,Botarell,2,5,5
250560,Bovera,1,6,0
430347,Bràfim,3,7,0
170274,Breda,25,30,6
080253,"Bruc, el",14,11,5
080266,"Brull, el",2,2,0
170280,Brunyola i Sant Martí Sapresa,0,8,1
430350,Cabacés,0,5,1
250609,Cabanabona,0,2,0
170314,Cabanelles,2,2,2
170307,Cabanes,8,13,2
080272,"Cabanyes, les",9,8,2
250616,Cabó,1,2,0
430363,Cabra del Camp,12,10,0
080288,Cabrera d'Anoia,12,9,2
080291,Cabrera de Mar,35,28,17
080305,Cabrils,47,38,11
170329,Cadaqués,19,23,10
080312,Calaf,27,51,2
430379,Calafell,213,260,86
080348,Calders,4,9,2
080327,Caldes d'Estrac,15,41,9
170335,Caldes de Malavella,58,64,20
080333,Caldes de Montbui,116,176,41
080351,Calella,130,290,49
080370,Calldetenes,19,33,9
080386,Callús,21,31,5
080364,Calonge de Segarra,1,4,0
170340,Calonge i Sant Antoni,71,117,27
250621,Camarasa,4,17,1
439039,Camarles,22,36,8
430385,Cambrils,266,254,100
170353,Camós,4,10,0
170366,Campdevànol,16,52,7
170372,Campelles,2,2,0
080399,Campins,6,1,2
170388,Campllong,4,5,0
170391,Camprodon,11,38,6
250637,Canejan,0,1,0
170405,Canet d'Adri,4,7,0
080403,Canet de Mar,74,221,39
439076,"Canonja, la",48,46,10
080410,Canovelles,157,141,18
080425,Cànoves i Samalús,29,24,11
170412,Cantallops,0,2,1
080431,Canyelles,26,28,11
430398,Capafonts,0,2,1
430402,Capçanes,2,3,1
080446,Capellades,31,77,17
170427,Capmany,4,9,0
080459,Capolat,0,2,0
080462,Cardedeu,108,144,36
080478,Cardona,22,98,9
080484,Carme,6,6,1
430419,Caseres,1,8,1
170448,Cassà de la Selva,106,107,18
080497,Casserres,11,19,2
170486,"Castell d'Aro, Platja d'Aro i s'Agaró",70,97,23
080575,Castell de l'Areny,0,0,0
259046,Castell de Mur,0,1,0
250642,Castellar de la Ribera,2,4,0
080522,Castellar de n'Hug,0,4,0
080500,Castellar del Riu,0,4,0
080517,Castellar del Vallès,154,213,72
080538,Castellbell i el Vilar,25,45,13
080543,Castellbisbal,97,78,37
080556,Castellcir,5,12,2
250674,Castelldans,5,11,0
080569,Castelldefels,476,539,127
080581,Castellet i la Gornal,12,17,4
170464,Castellfollit de la Roca,4,16,2
080608,Castellfollit de Riubregós,0,3,1
080594,Castellfollit del Boix,2,4,3
080615,Castellgalí,16,36,10
080620,Castellnou de Bages,10,6,4
250680,Castellnou de Seana,5,11,0
170470,Castelló d'Empúries,89,96,20
250693,Castelló de Farfanya,0,11,3
080636,Castellolí,8,6,0
250707,Castellserà,5,22,2
080641,Castellterçol,15,50,5
430424,Castellvell del Camp,19,13,5
080654,Castellví de la Marca,7,12,2
080667,Castellví de Rosanes,20,25,4
430430,"Catllar, el",35,29,12
250714,Cava,0,1,0
171899,"Cellera de Ter, la",14,23,5
170499,Celrà,58,31,17
080673,Centelles,55,93,16
082687,Cercs,9,21,7
082665,Cerdanyola del Vallès,344,498,107
080689,Cervelló,58,93,26
250729,Cervera,78,95,19
250735,Cervià de les Garrigues,4,13,0
170502,Cervià de Ter,9,5,1
170519,Cistella,2,3,4
250740,Ciutadilla,0,7,0
250753,Clariana de Cardener,3,0,0
250766,"Cogul, el",0,4,0
170545,Colera,1,7,1
250772,Coll de Nargó,4,12,1
080692,Collbató,32,36,16
430458,Colldejou,0,4,1
080706,Collsuspina,5,1,2
170558,Colomers,0,1,1
251636,"Coma i la Pedra, la",0,3,1
251615,Conca de Dalt,3,5,1
430461,Conesa,0,1,0
430477,Constantí,76,53,16
080713,Copons,2,3,1
430483,Corbera d'Ebre,3,13,0
080728,Corbera de Llobregat,105,165,40
250788,Corbins,9,10,4
170577,Corçà,11,17,1
080734,Cornellà de Llobregat,612,996,158
170561,Cornellà del Terri,15,31,9
430496,Cornudella de Montsant,4,13,1
430509,Creixell,30,50,12
170583,Crespià,2,8,0
179011,"Cruïlles, Monells i Sant Sadurní de l'Heura",7,11,3
080749,Cubelles,128,125,37
250791,Cubells,2,10,0
430516,Cunit,88,168,41
170600,Darnius,3,10,0
170617,Das,2,0,0
439018,Deltebre,65,141,31
080752,Dosrius,41,25,20
430537,Duesaigües,2,2,2
170622,"Escala, l'",66,85,17
080765,Esparreguera,155,175,41
170638,Espinelves,3,3,3
250812,"Espluga Calba, l'",1,5,0
430542,"Espluga de Francolí, l'",26,53,5
080771,Esplugues de Llobregat,323,479,74
170643,Espolla,0,4,6
170656,Esponellà,2,7,0
250827,Espot,1,5,0
080787,"Espunyola, l'",2,3,0
082541,"Esquirol, l'",12,41,4
250886,Estamariu,1,1,0
080790,"Estany, l'",1,16,1
250851,Estaràs,1,4,0
250864,Esterri d'Àneu,7,8,1
250870,Esterri de Cardós,1,1,0
430555,Falset,24,78,7
170059,"Far d'Empordà, el",4,2,0
250899,Farrera,0,1,0
430568,"Fatarella, la",4,10,4
430574,"Febró, la",0,1,0
081347,Figaró-Montmany,4,15,4
080804,Fígols,0,3,0
259084,Fígols i Alinyà,2,1,0
430580,"Figuera, la",1,0,0
170669,Figueres,485,375,67
430593,Figuerola del Camp,2,3,3
170675,Flaçà,7,18,1
430607,Flix,15,62,5
250925,"Floresta, la",0,4,0
080826,Fogars de la Selva,16,8,0
080811,Fogars de Montclús,1,4,4
170681,Foixà,0,4,1
080832,Folgueroles,9,22,5
250931,Fondarella,1,5,2
080847,Fonollosa,9,11,3
170694,Fontanals de Cerdanya,0,4,1
170708,Fontanilles,1,1,0
170715,Fontcoberta,14,17,5
080850,Font-rubí,6,13,0
250946,Foradada,1,1,2
179026,Forallac,6,18,2
430614,Forès,0,1,0
170736,Fornells de la Selva,18,18,4
170741,Fortià,5,9,3
080863,"Franqueses del Vallès, les",137,145,47
430629,Freginals,4,5,0
250962,"Fuliola, la",14,27,0
250978,Fulleda,0,1,0
080902,Gaià,2,5,3
430635,"Galera, la",4,10,1
080879,Gallifa,1,2,0
430640,Gandesa,25,49,3
430653,Garcia,3,5,1
430666,"Garidells, els",1,4,0
080885,"Garriga, la",107,210,54
170754,Garrigàs,1,4,1
170767,Garrigoles,1,1,0
170773,Garriguella,9,16,3
080898,Gavà,313,413,68
250984,Gavet de la Conca,0,7,0
080919,Gelida,66,59,22
170789,Ger,1,4,1
259123,Gimenells i el Pla de la Font,1,16,1
430672,Ginestar,3,9,2
170792,Girona,951,836,233
080924,Gironella,46,73,11
080930,Gisclareny,0,0,0
430688,Godall,5,9,1
250997,Golmés,16,12,3
170806,Gombrèn,0,0,1
251001,Gósol,0,2,0
080945,"Granada, la",9,18,4
251018,"Granadella, la",6,13,2
080958,Granera,1,0,0
251023,"Granja d'Escarp, la",3,8,3
080961,Granollers,520,551,124
251039,Granyanella,0,1,0
251057,Granyena de les Garrigues,0,4,0
251044,Granyena de Segarra,0,2,0
430691,Gratallops,1,4,2
080977,Gualba,7,11,1
170813,Gualta,1,0,0
080996,Guardiola de Berguedà,8,14,1
430705,"Guiamets, els",0,13,1
170828,Guils de Cerdanya,1,4,1
251095,Guimerà,1,6,1
259031,"Guingueta d'Àneu, la",3,3,0
251109,Guissona,85,50,8
251116,Guixers,0,1,2
081000,Gurb,23,21,6
430712,Horta de Sant Joan,6,14,3
081017,"Hospitalet de Llobregat, l'",2253,2830,336
081629,"Hostalets de Pierola, els",29,43,13
170834,Hostalric,40,31,6
081022,Igualada,332,476,82
251155,Isona i Conca Dellà,4,22,0
170849,Isòvol,1,2,1
251137,Ivars d'Urgell,9,21,2
251121,Ivars de Noguera,0,4,0
251142,Ivorra,1,1,0
170852,Jafre,3,9,0
170865,"Jonquera, la",35,23,6
081038,Jorba,2,10,2
259101,Josa i Tuixén,0,2,0
170871,Juià,2,1,4
251180,Juncosa,3,7,1
251193,Juneda,23,53,5
251214,Les,5,9,1
251229,Linyola,18,30,3
081043,"Llacuna, la",3,10,0
170887,Lladó,4,6,3
251235,Lladorre,0,2,0
251240,Lladurs,1,3,0
081056,"Llagosta, la",91,123,29
170890,Llagostera,89,70,27
170904,Llambilles,6,4,4
170911,Llanars,5,3,0
170926,Llançà,29,41,13
251253,Llardecans,3,12,0
251266,Llavorsí,2,1,1
251207,Lleida,1204,1295,235
170932,Llers,10,8,3
251272,Lles de Cerdanya,2,6,1
081075,Lliçà d'Amunt,106,123,33
081081,Lliçà de Vall,42,48,19
251288,Llimiana,0,2,2
081069,Llinars del Vallès,73,122,20
170947,Llívia,8,18,5
430727,"Lloar, el",0,3,0
251291,Llobera,1,2,1
430733,Llorac,0,0,1
430748,Llorenç del Penedès,18,43,5
170950,Lloret de Mar,318,249,46
170963,"Llosses, les",1,1,2
081094,Lluçà,0,2,0
171024,Maçanet de Cabrenys,4,14,1
171030,Maçanet de la Selva,58,65,23
170979,Madremanya,0,1,0
170985,Maià de Montcal,1,4,1
251333,Maials,3,14,0
251305,Maldà,1,2,1
081108,Malgrat de Mar,102,229,40
081115,Malla,2,0,0
081120,Manlleu,182,213,44
081136,Manresa,677,958,122
430764,Marçà,4,9,3
430751,Margalef,0,0,0
082423,Marganell,1,5,0
081141,Martorell,226,322,42
081154,Martorelles,33,57,6
430770,Mas de Barberans,3,13,3
171002,Masarac i Vilarnadal,3,3,0
430786,Masdenverge,11,12,2
081167,"Masies de Roda, les",2,7,2
081173,"Masies de Voltregà, les",19,32,3
430799,Masllorenç,1,4,0
081189,"Masnou, el",169,238,54
430803,"Masó, la",1,1,0
430810,Maspujols,3,8,3
081192,Masquefa,64,72,32
430825,"Masroig, el",2,8,0
251312,Massalcoreig,8,8,1
171019,Massanes,7,10,0
251327,Massoteres,3,3,2
081206,Matadepera,82,74,20
081213,Mataró,980,1136,249
081228,Mediona,16,33,7
251348,Menàrguens,4,10,2
170998,Meranges,0,0,0
171058,Mieres,3,3,0
430831,"Milà, el",1,0,0
251351,Miralcamp,8,18,4
430846,Miravet,1,5,0
081385,Moià,42,72,23
430859,"Molar, el",4,2,1
081234,Molins de Rei,213,210,59
251370,Mollerussa,144,122,22
171061,Mollet de Peralada,1,3,1
081249,Mollet del Vallès,316,529,78
171077,Molló,4,2,0
251364,"Molsosa, la",0,2,0
081287,Monistrol de Calders,2,7,3
081271,Monistrol de Montserrat,28,37,11
171096,Montagut i Oix,6,11,1
430862,Montblanc,65,81,12
430884,Montbrió del Camp,32,24,9
081252,Montcada i Reixac,315,277,66
081304,Montclar,0,1,2
251399,Montellà i Martinet,5,9,2
081311,Montesquiu,11,18,4
251403,Montferrer i Castellbò,4,8,1
430897,Montferri,3,4,0
251386,Montgai,5,11,6
081265,Montgat,85,82,18
081326,Montmajor,1,9,0
081332,Montmaneu,0,1,2
430901,"Montmell, el",9,11,4
081350,Montmeló,54,57,20
251425,Montoliu de Lleida,9,2,0
251410,Montoliu de Segarra,0,3,0
251431,Montornès de Segarra,1,3,1
081363,Montornès del Vallès,110,118,28
430918,Mont-ral,0,3,1
171100,Mont-ras,8,16,3
430923,Mont-roig del Camp,105,81,44
081379,Montseny,1,6,5
430939,Móra d'Ebre,34,74,5
430944,Móra la Nova,25,40,5
430957,"Morell, el",25,20,11
430960,"Morera de Montsant, la",1,1,0
081290,Muntanyola,2,2,2
081398,Mura,1,1,2
251459,Nalec,0,4,1
250254,Naut Aran,15,16,7
081402,Navarcles,44,115,12
081419,Navàs,43,77,8
171117,Navata,7,11,2
251462,Navès,3,7,2
081424,"Nou de Berguedà, la",2,2,0
430976,"Nou de Gaià, la",2,3,0
430982,Nulles,3,4,0
251484,Odèn,1,4,0
081430,Òdena,30,30,9
171122,Ogassa,2,3,1
081458,Olèrdola,26,32,12
081461,Olesa de Bonesvalls,13,17,3
081477,Olesa de Montserrat,183,242,32
251497,Oliana,13,35,5
251500,Oliola,1,3,0
251517,Olius,2,3,3
081483,Olivella,26,24,20
081496,Olost,6,17,1
171143,Olot,275,456,53
251522,"Oluges, les",1,0,0
081445,Olvan,4,12,1
251538,"Omellons, els",1,2,0
251543,"Omells de na Gaia, els",0,4,0
171156,Ordis,2,4,0
251556,Organyà,4,16,2
081509,Orís,2,4,4
081516,Oristà,3,5,1
081521,Orpí,1,1,0
081537,Òrrius,6,1,3
251569,Os de Balaguer,5,11,1
171169,Osor,0,3,1
251575,Ossó de Sió,0,4,0
081542,Pacs del Penedès,7,6,5
081555,Palafolls,68,61,17
171175,Palafrugell,195,266,37
171181,Palamós,114,220,39
251581,"Palau d'Anglesola, el",18,20,4
171194,Palau de Santa Eulàlia,1,0,1
171215,Palau-sator,1,7,0
171208,Palau-saverdera,11,12,3
081568,Palau-solità i Plegamans,86,159,36
431009,"Pallaresos, els",25,61,14
081574,Pallejà,79,113,24
430995,"Palma d'Ebre, la",0,4,1
089058,"Palma de Cervelló, la",32,32,11
171236,Palol de Revardit,1,3,0
171241,Pals,12,28,10
081580,"Papiol, el",31,30,9
171254,Pardines,1,2,2
081593,Parets del Vallès,134,150,41
171267,Parlavà,4,6,0
431016,Passanant i Belltall,1,4,1
171289,Pau,2,8,0
431021,Paüls,4,6,2
171292,Pedret i Marzà,2,3,0
251641,Penelles,3,6,3
171306,"Pera, la",5,5,1
081607,Perafita,4,5,0
431037,Perafort,8,11,5
171328,Peralada,10,11,2
251654,Peramola,4,10,0
431042,"Perelló, el",20,40,4
081614,Piera,116,172,43
431055,"Piles, les",3,1,1
081635,Pineda de Mar,220,267,73
431068,"Pinell de Brai, el",5,14,1
251667,Pinell de Solsonès,1,0,1
251673,Pinós,1,3,0
431074,Pira,2,5,0
431080,"Pla de Santa Maria, el",18,24,6
081640,"Pla del Penedès, el",17,7,4
171334,"Planes d'Hostoles, les",10,33,3
171349,Planoles,2,6,0
259118,"Plans de Sió, els",0,6,1
251689,"Poal, el",3,8,2
251692,"Pobla de Cérvoles, la",0,2,0
081653,"Pobla de Claramunt, la",21,26,2
081666,"Pobla de Lillet, la",5,33,2
431093,"Pobla de Mafumet, la",56,16,13
431107,"Pobla de Massaluca, la",1,4,1
431114,"Pobla de Montornès, la",13,26,8
251713,"Pobla de Segur, la",18,46,4
431129,Poboleda,0,4,0
081672,Polinyà,54,53,13
431135,"Pont d'Armentera, el",2,10,1
250306,"Pont de Bar, el",1,3,0
171352,Pont de Molins,6,4,0
251734,"Pont de Suert, el",12,24,2
081825,"Pont de Vilomara i Rocafort, el",28,35,20
431418,Pontils,1,1,0
081688,Pontons,4,5,1
171365,Pontós,1,0,3
251728,Ponts,15,31,11
171371,Porqueres,32,46,14
431140,Porrera,3,1,5
171404,"Port de la Selva, el",8,8,2
171387,Portbou,9,23,4
251749,"Portella, la",4,7,1
431153,Pradell de la Teixeta,0,1,0
431166,Prades,7,10,2
431172,Prat de Comte,2,2,1
081691,"Prat de Llobregat, el",478,604,143
431188,Pratdip,5,9,3
081712,Prats de Lluçanès,20,28,7
081705,"Prats de Rei, els",3,4,4
251752,Prats i Sansor,0,1,0
251765,Preixana,1,5,2
251771,Preixens,3,12,4
082303,Premià de Dalt,62,65,18
081727,Premià de Mar,150,347,66
171390,"Preses, les",13,11,5
251790,Prullans,1,2,0
171411,Puigcerdà,57,107,24
081748,Puigdàlber,5,3,2
251804,Puiggròs,3,3,0
431191,Puigpelat,10,4,6
081751,Puig-reig,37,83,17
251811,Puigverd d'Agramunt,1,4,0
251826,Puigverd de Lleida,5,9,1
081764,Pujalt,1,3,1
081770,"Quar, la",0,1,1
171426,Quart,61,16,9
170433,Queralbs,0,3,0
431205,Querol,2,2,0
171432,Rabós,3,4,1
081786,Rajadell,6,10,4
431362,"Ràpita, la",94,192,44
431212,Rasquera,10,12,1
171447,Regencós,0,4,0
081799,Rellinars,3,8,3
431227,Renau,0,0,0
431233,Reus,870,1097,214
251832,Rialp,6,6,2
431248,"Riba, la",2,7,1
431251,Riba-roja d'Ebre,1,20,3
259059,Ribera d'Ondara,0,4,2
251850,Ribera d'Urgellet,1,10,0
171450,Ribes de Freser,10,29,3
171463,Riells i Viabrea,31,32,6
431264,"Riera de Gaià, la",14,17,4
251863,Riner,4,0,1
171479,Ripoll,75,100,23
081803,Ripollet,301,287,79
259139,Riu de Cerdanya,0,0,0
171485,Riudarenes,24,14,7
171498,Riudaura,3,3,0
431270,Riudecanyes,13,10,3
431286,Riudecols,17,12,5
171501,Riudellots de la Selva,17,16,2
431299,Riudoms,47,74,17
171518,Riumors,3,7,1
081810,"Roca del Vallès, la",63,67,26
431303,Rocafort de Queralt,0,1,0
431310,Roda de Berà,57,66,21
081831,Roda de Ter,58,67,7
431325,Rodonyà,4,3,0
431331,Roquetes,78,81,20
171523,Roses,151,150,41
251898,Rosselló,33,22,12
431346,"Rourell, el",4,2,1
081846,Rubí,622,610,174
081859,Rubió,6,2,6
171539,Rupià,2,8,0
089019,Rupit i Pruit,1,4,3
081878,Sabadell,1722,2254,372
081884,Sagàs,2,1,0
251902,Salàs de Pallars,0,8,0
081901,Saldes,1,2,1
171544,Sales de Llierca,1,1,0
081918,Sallent,43,112,12
431359,Salomó,2,8,1
439057,Salou,224,171,56
171557,Salt,387,214,65
251919,Sanaüja,8,7,1
081944,Sant Adrià de Besòs,319,359,66
081957,Sant Agustí de Lluçanès,0,0,0
081960,Sant Andreu de la Barca,180,261,62
081976,Sant Andreu de Llavaneres,68,107,25
171576,Sant Andreu Salou,0,1,0
171833,Sant Aniol de Finestres,3,2,2
081982,Sant Antoni de Vilamajor,51,78,15
081995,Sant Bartomeu del Grau,10,6,1
082009,Sant Boi de Llobregat,639,877,190
082016,Sant Boi de Lluçanès,2,14,0
082037,Sant Cebrià de Vallalta,26,10,11
082021,Sant Celoni,141,163,37
082042,Sant Climent de Llobregat,32,31,4
171582,Sant Climent Sescebes,4,5,2
082055,Sant Cugat del Vallès,753,701,177
082068,Sant Cugat Sesgarrigues,9,19,2
251961,Sant Esteve de la Sarga,0,0,1
082074,Sant Esteve de Palautordera,16,9,11
082080,Sant Esteve Sesrovires,49,86,18
171595,Sant Feliu de Buixalleu,7,6,3
082107,Sant Feliu de Codines,43,69,19
171609,Sant Feliu de Guíxols,167,213,43
082114,Sant Feliu de Llobregat,332,382,109
171616,Sant Feliu de Pallerols,10,16,7
082129,Sant Feliu Sasserra,4,9,0
171621,Sant Ferriol,1,0,1
082093,Sant Fost de Campsentelles,47,164,17
082135,Sant Fruitós de Bages,55,79,23
171637,Sant Gregori,24,28,9
251924,Sant Guim de Freixenet,7,14,3
251977,Sant Guim de la Plana,0,5,1
171642,Sant Hilari Sacalm,43,83,14
082153,Sant Hipòlit de Voltregà,29,44,9
081939,Sant Iscle de Vallalta,12,9,2
439023,Sant Jaume d'Enveja,20,31,10
082166,Sant Jaume de Frontanyà,0,1,0
171655,Sant Jaume de Llierca,8,14,1
431378,Sant Jaume dels Domenys,20,19,11
171674,Sant Joan de les Abadesses,20,62,11
171680,Sant Joan de Mollet,4,6,1
082188,Sant Joan de Vilatorrada,76,126,25
082172,Sant Joan Despí,223,288,79
171851,Sant Joan les Fonts,31,41,9
171668,Sant Jordi Desvalls,8,15,1
089030,Sant Julià de Cerdanyola,0,4,1
171693,Sant Julià de Ramis,38,22,15
082205,Sant Julià de Vilatorta,19,33,4
179032,Sant Julià del Llor i Bonmatí,9,5,5
082212,Sant Just Desvern,161,228,52
082227,Sant Llorenç d'Hortons,20,19,7
171714,Sant Llorenç de la Muga,0,2,0
251930,Sant Llorenç de Morunys,2,20,4
082233,Sant Llorenç Savall,16,58,10
082251,Sant Martí d'Albars,1,0,0
082248,Sant Martí de Centelles,13,14,4
171729,Sant Martí de Llémena,6,6,1
259025,Sant Martí de Riucorb,6,7,2
082264,Sant Martí de Tous,11,15,5
082270,Sant Martí Sarroca,24,37,4
082286,Sant Martí Sesgueioles,2,7,0
171735,Sant Martí Vell,1,5,1
082299,Sant Mateu de Bages,5,7,1
171740,Sant Miquel de Campmajor,0,0,0
171753,Sant Miquel de Fluvià,8,15,4
171766,Sant Mori,0,3,0
171772,Sant Pau de Segúries,5,11,2
082310,Sant Pere de Ribes,230,254,57
082325,Sant Pere de Riudebitlles,14,25,3
082331,Sant Pere de Torelló,19,22,7
082346,Sant Pere de Vilamajor,41,43,11
171788,Sant Pere Pescador,13,15,5
081897,Sant Pere Sallavinera,0,3,0
082359,Sant Pol de Mar,38,48,11
082362,Sant Quintí de Mediona,13,26,4
082378,Sant Quirze de Besora,20,35,3
082384,Sant Quirze del Vallès,137,161,37
082397,Sant Quirze Safaja,6,6,2
251945,Sant Ramon,1,9,0
082401,Sant Sadurní d'Anoia,87,127,33
082418,Sant Sadurní d'Osormort,1,0,0
080983,Sant Salvador de Guardiola,16,37,5
082628,Sant Vicenç de Castellet,63,118,21
082649,Sant Vicenç de Montalt,30,75,21
082652,Sant Vicenç de Torelló,12,20,5
082634,Sant Vicenç dels Horts,200,262,51
431384,Santa Bàrbara,28,53,7
082439,Santa Cecília de Voltregà,1,3,0
082444,Santa Coloma de Cervelló,41,95,22
171805,Santa Coloma de Farners,142,140,11
082457,Santa Coloma de Gramenet,957,1226,193
431397,Santa Coloma de Queralt,21,43,4
171812,Santa Cristina d'Aro,37,38,10
082460,Santa Eugènia de Berga,13,21,8
082476,Santa Eulàlia de Riuprimer,12,21,4
082482,Santa Eulàlia de Ronçana,56,65,31
082495,Santa Fe del Penedès,3,3,4
171827,Santa Llogaia d'Àlguema,3,1,0
082508,Santa Margarida de Montbui,92,145,19
082515,Santa Margarida i els Monjos,49,59,14
082589,Santa Maria d'Oló,7,10,6
082536,Santa Maria de Besora,0,5,0
082567,Santa Maria de Martorelles,3,14,2
082554,Santa Maria de Merlès,1,2,0
082573,Santa Maria de Miralles,3,2,0
082592,Santa Maria de Palautordera,53,85,21
431401,Santa Oliva,26,35,13
171848,Santa Pau,6,12,1
082606,Santa Perpètua de Mogoda,177,185,48
082613,Santa Susanna,28,17,12
081923,Santpedor,55,103,13
431423,Sarral,8,14,0
171864,Sarrià de Ter,35,45,19
252017,Sarroca de Bellera,0,1,0
252000,Sarroca de Lleida,3,11,1
171870,"Saus, Camallera i Llampaies",7,9,5
431439,Savallà del Comtat,0,2,0
431444,"Secuita, la",14,11,7
171886,"Selva de Mar, la",4,3,0
431457,"Selva del Camp, la",52,50,19
431460,Senan,0,1,0
430445,"Sénia, la",31,67,15
252022,Senterada,1,4,0
250352,"Sentiu de Sió, la",1,4,1
082671,Sentmenat,86,65,36
171903,Serinyà,9,16,3
252043,Seròs,14,27,2
171910,Serra de Daró,3,2,0
171925,Setcases,0,1,0
252038,"Seu d'Urgell, la",81,167,24
082690,Seva,23,25,12
252056,Sidamon,6,10,2
171931,Sils,47,58,19
082704,Sitges,178,292,70
170524,Siurana,1,1,1
082711,Sobremunt,0,1,1
252069,"Soleràs, el",2,5,1
431476,Solivella,4,7,1
252075,Solsona,92,119,30
082726,Sora,1,1,0
252081,Soriguera,2,6,1
252094,Sort,16,26,3
252108,Soses,12,13,3
082732,Subirats,21,33,6
252115,Sudanell,4,12,0
252120,Sunyer,2,0,0
082747,Súria,37,102,12
171946,Susqueda,0,0,0
082763,Tagamanent,1,2,5
082779,Talamanca,1,1,0
252154,Talarn,0,2,1
252167,Talavera,2,3,1
171959,"Tallada d'Empordà, la",0,3,1
082785,Taradell,40,82,23
431482,Tarragona,1052,1222,244
252173,Tàrrega,151,192,48
252189,Tarrés,1,1,0
252192,Tarroja de Segarra,1,2,0
082750,Tavèrnoles,6,4,1
082802,Tavertet,2,3,0
082819,Teià,59,75,18
252206,Térmens,7,23,2
171962,Terrades,1,6,1
082798,Terrassa,1849,2092,621
082824,Tiana,57,79,20
252213,Tírvia,0,1,2
252228,Tiurana,0,0,0
431495,Tivenys,9,14,0
431508,Tivissa,14,22,3
082830,Tona,54,97,19
252234,Torà,8,15,5
082845,Tordera,135,168,36
082858,Torelló,123,160,30
252249,"Torms, els",1,3,0
252252,Tornabous,11,16,1
252271,"Torre de Cabdella, la",4,3,1
082861,"Torre de Claramunt, la",23,37,4
431515,"Torre de Fontaubella, la",0,2,0
431520,"Torre de l'Espanyol, la",4,7,0
252265,Torrebesses,3,4,1
431536,Torredembarra,109,134,28
252287,Torrefarrera,32,25,10
259078,Torrefeta i Florejacs,5,16,5
252304,Torregrossa,18,31,3
252311,Torrelameu,1,9,2
082877,Torrelavit,10,12,2
082883,Torrelles de Foix,21,25,5
082896,Torrelles de Llobregat,39,44,14
171978,Torrent,0,2,0
252326,Torres de Segre,18,40,6
252332,Torre-serona,2,11,0
171984,Torroella de Fluvià,2,8,4
171997,Torroella de Montgrí,96,98,23
431541,Torroja del Priorat,0,6,0
172001,Tortellà,7,5,3
431554,Tortosa,276,410,56
172018,Toses,0,4,0
172023,Tossa de Mar,35,52,12
252347,Tremp,41,120,10
172044,Ullà,13,6,0
082900,Ullastrell,23,21,3
172057,Ullastret,0,2,1
431567,Ulldecona,37,61,17
431573,Ulldemolins,1,5,0
172039,Ultramort,1,1,0
172060,Urús,0,4,0
082917,Vacarisses,54,49,28
170144,"Vajol, la",0,2,0
172076,"Vall d'en Bas, la",19,45,11
172082,"Vall de Bianya, la",10,11,6
250432,"Vall de Boí, la",4,6,3
259010,Vall de Cardós,2,4,0
082922,Vallbona d'Anoia,8,17,6
252385,Vallbona de les Monges,2,5,2
082938,Vallcebre,0,1,0
431589,Vallclara,0,1,1
252402,Vallfogona de Balaguer,18,19,2
171707,Vallfogona de Ripollès,1,3,1
431592,Vallfogona de Riucorb,0,2,1
082943,Vallgorguina,23,18,8
082956,Vallirana,103,183,37
172095,Vall-llobrega,1,9,2
431606,Vallmoll,15,22,2
082969,Vallromanes,13,20,7
431613,Valls,179,258,35
259062,"Valls d'Aguilar, les",0,3,1
252398,"Valls de Valira, les",7,6,2
431628,Vandellòs i l'Hospitalet de l'Infant,45,51,19
259097,"Vansa i Fórnols, la",0,2,0
082975,Veciana,0,1,0
431634,"Vendrell, el",313,342,77
172109,Ventalló,9,9,0
252424,Verdú,3,13,1
172116,Verges,8,14,4
431649,Vespella de Gaià,5,2,1
082981,Vic,433,449,62
172121,Vidrà,1,0,1
172137,Vidreres,45,69,17
252430,Vielha e Mijaran,39,37,12
431652,Vilabella,2,13,1
172142,Vilabertran,2,7,1
172155,Vilablareix,30,17,10
082994,Vilada,6,12,0
172174,Viladamat,6,8,1
172168,Viladasens,4,0,0
083015,Viladecans,439,568,167
083008,Viladecavalls,45,50,20
172180,Vilademuls,9,11,4
172207,Viladrau,3,13,7
172214,Vilafant,43,42,8
083054,Vilafranca del Penedès,337,431,103
252445,Vilagrassa,8,3,2
172235,Vilajuïga,8,10,0
431750,Vilalba dels Arcs,5,8,0
083067,Vilalba Sasserra,6,22,4
252458,Vilaller,1,5,0
172240,Vilallonga de Ter,3,4,2
431665,Vilallonga del Camp,27,20,8
172253,Vilamacolum,6,0,1
172266,Vilamalla,7,8,1
172272,Vilamaniscle,0,2,0
252477,Vilamòs,2,0,0
172288,Vilanant,2,2,0
431671,Vilanova d'Escornalbou,4,6,1
252483,Vilanova de Bellpuig,6,34,4
252496,Vilanova de l'Aguda,1,4,1
252542,Vilanova de la Barca,4,23,2
252509,Vilanova de Meià,0,10,0
431687,Vilanova de Prades,1,4,1
083036,Vilanova de Sau,1,4,0
252516,Vilanova de Segrià,10,8,2
083020,Vilanova del Camí,92,152,32
089024,Vilanova del Vallès,36,37,13
083073,Vilanova i la Geltrú,428,645,171
431690,Vilaplana,5,5,0
431704,Vila-rodona,12,14,2
172305,Vila-sacra,7,11,2
252521,Vila-sana,4,11,6
431711,Vila-seca,195,140,53
082140,Vilassar de Dalt,49,67,25
082191,Vilassar de Mar,128,189,46
172229,Vilaür,0,1,1
431726,Vilaverd,3,5,1
431732,"Vilella Alta, la",1,3,3
431747,"Vilella Baixa, la",1,1,0
172333,Vilobí d'Onyar,25,24,11
083041,Vilobí del Penedès,8,7,2
172327,Vilopriu,3,3,0
252537,"Vilosell, el",0,2,0
431763,Vimbodí i Poblet,4,16,5
252555,Vinaixa,3,6,0
431779,Vinebre,1,3,0
431785,Vinyols i els Arcs,15,18,5
083089,Viver i Serrateix,0,3,0
430521,Xerta,5,22,2
,Catalunya,58464,79784,15662

