Codi,Nom,Naixements,Defuncions,Matrimonis
250019,Abella de la Conca,1,0,0
080018,Abrera,79,86,62
250024,Àger,3,6,1
250030,Agramunt,51,74,21
080023,Aguilar de Segarra,3,2,1
170010,Agullana,7,6,4
080142,Aiguafreda,23,44,13
430017,Aiguamúrcia,4,7,8
170025,Aiguaviva,2,5,2
250387,Aitona,16,35,7
250045,"Alamús, els",5,8,4
250058,Alàs i Cerc,2,5,1
250061,"Albagés, l'",1,5,0
170031,Albanyà,1,2,0
250077,Albatàrrec,19,10,9
250083,Albesa,14,14,5
250096,"Albi, l'",5,11,2
430022,Albinyana,14,18,18
430038,"Albiol, l'",2,1,1
170046,Albons,7,7,4
430043,Alcanar,70,101,37
250100,Alcanó,4,3,3
250117,Alcarràs,86,96,26
250122,Alcoletge,24,28,17
430056,Alcover,42,47,25
439044,"Aldea, l'",44,58,17
430069,Aldover,3,17,0
430075,"Aleixar, l'",7,12,3
080039,Alella,70,117,48
430081,Alfara de Carles,3,8,2
250138,Alfarràs,17,33,6
250143,Alfés,0,12,0
430094,Alforja,15,14,9
250156,Algerri,6,10,3
250169,Alguaire,17,34,9
250175,Alins,3,4,2
430108,Alió,3,3,4
250194,Almacelles,54,76,23
250208,Almatret,1,4,1
250215,Almenar,21,45,13
430115,Almoster,7,14,8
250220,Alòs de Balaguer,0,2,1
170062,Alp,10,10,11
080044,Alpens,0,4,2
250236,Alpicat,57,41,30
250241,Alt Àneu,2,0,2
430120,Altafulla,41,36,27
170078,Amer,20,38,16
430136,"Ametlla de Mar, l'",33,100,22
080057,"Ametlla del Vallès, l'",71,69,53
439060,"Ampolla, l'",27,34,12
430141,Amposta,156,212,88
170084,Anglès,43,50,23
250273,Anglesola,12,20,4
250292,Arbeca,15,38,5
430167,"Arboç, l'",40,43,23
430154,Arbolí,1,0,1
170097,Arbúcies,49,68,34
080060,Arenys de Mar,99,247,54
080076,Arenys de Munt,62,78,46
170101,Argelaguer,1,7,3
080082,Argençola,2,3,1
430173,"Argentera, l'",0,2,0
080095,Argentona,73,122,62
170118,"Armentera, l'",10,7,7
430189,Arnes,3,16,1
250313,Arres,0,0,0
250328,Arsèguel,0,0,0
080109,Artés,40,63,30
250334,Artesa de Lleida,8,14,2
250349,Artesa de Segre,22,46,14
430192,Ascó,11,27,3
250365,Aspa,2,2,0
250371,"Avellanes i Santa Linya, les",2,12,6
080116,Avià,22,21,9
080121,Avinyó,14,34,9
170123,Avinyonet de Puigventós,12,5,10
080137,Avinyonet del Penedès,13,20,7
080155,Badalona,1733,1904,618
089045,Badia del Vallès,79,115,37
080168,Bagà,8,25,12
250390,Baix Pallars,4,3,1
250404,Balaguer,136,183,40
080174,Balenyà,29,37,19
080180,Balsareny,24,47,13
430206,Banyeres del Penedès,23,22,14
170157,Banyoles,153,200,78
250411,Barbens,2,15,2
430213,Barberà de la Conca,0,9,0
082520,Barberà del Vallès,203,287,119
080193,Barcelona,11601,16348,4906
250426,"Baronia de Rialb, la",2,4,0
170160,Bàscara,2,15,9
250447,Bassella,1,3,2
430228,Batea,10,43,2
250450,Bausen,1,1,1
080207,Begues,54,46,38
170139,Begur,17,37,14
250463,Belianes,1,6,2
251706,Bellaguarda,2,3,0
170182,Bellcaire d'Empordà,5,3,0
250479,Bellcaire d'Urgell,4,18,2
250485,Bell-lloc d'Urgell,15,25,8
250498,Bellmunt d'Urgell,1,0,0
430234,Bellmunt del Priorat,2,1,0
080214,Bellprat,0,0,0
250501,Bellpuig,34,50,22
430249,Bellvei,7,20,6
250518,Bellver de Cerdanya,17,27,15
250523,Bellvís,12,35,12
250539,Benavent de Segrià,17,12,14
430252,Benifallet,3,9,1
430265,Benissanet,5,15,5
080229,Berga,76,196,60
170195,Besalú,13,31,9
170209,Bescanó,26,41,12
170216,Beuda,0,0,0
080235,Bigues i Riells del Fai,75,60,56
250557,Biosca,0,2,1
170221,"Bisbal d'Empordà, la",91,95,44
430271,"Bisbal de Falset, la",1,1,1
430287,"Bisbal del Penedès, la",37,33,20
172348,Biure,1,3,0
430290,Blancafort,2,4,1
170237,Blanes,252,379,91
170293,Boadella i les Escaules,1,2,0
170242,Bolvir,1,2,5
430304,Bonastre,6,4,1
250576,"Bòrdes, Es",0,4,2
170255,Bordils,8,13,5
250582,"Borges Blanques, les",52,89,25
430311,"Borges del Camp, les",14,23,11
170268,Borrassà,6,4,5
080240,Borredà,2,3,1
250595,Bossòst,3,5,4
430326,Bot,2,12,2
430332,Botarell,7,9,9
250560,Bovera,0,2,0
430347,Bràfim,3,8,3
170274,Breda,25,41,20
080253,"Bruc, el",14,11,13
080266,"Brull, el",0,5,1
170280,Brunyola i Sant Martí Sapresa,4,1,4
430350,Cabacés,0,4,0
250609,Cabanabona,0,3,0
170314,Cabanelles,0,0,1
170307,Cabanes,8,11,3
080272,"Cabanyes, les",4,4,5
250616,Cabó,1,1,0
430363,Cabra del Camp,17,11,3
080288,Cabrera d'Anoia,13,13,7
080291,Cabrera de Mar,37,26,28
080305,Cabrils,43,54,45
170329,Cadaqués,15,23,19
080312,Calaf,28,44,11
430379,Calafell,202,269,115
080348,Calders,8,10,6
080327,Caldes d'Estrac,24,47,17
170335,Caldes de Malavella,52,68,33
080333,Caldes de Montbui,123,165,78
080351,Calella,142,253,69
080370,Calldetenes,21,19,8
080386,Callús,15,18,11
080364,Calonge de Segarra,0,1,1
170340,Calonge i Sant Antoni,75,110,52
250621,Camarasa,3,15,4
439039,Camarles,22,38,12
430385,Cambrils,250,245,136
170353,Camós,2,12,1
170366,Campdevànol,15,60,14
170372,Campelles,0,0,0
080399,Campins,5,6,3
170388,Campllong,1,0,1
170391,Camprodon,11,41,16
250637,Canejan,1,0,0
170405,Canet d'Adri,5,8,7
080403,Canet de Mar,85,212,81
439076,"Canonja, la",30,42,18
080410,Canovelles,127,133,40
080425,Cànoves i Samalús,24,27,16
170412,Cantallops,1,4,2
080431,Canyelles,38,32,27
430398,Capafonts,0,2,0
430402,Capçanes,3,3,2
080446,Capellades,37,63,19
170427,Capmany,5,6,1
080459,Capolat,0,1,0
080462,Cardedeu,132,148,67
080478,Cardona,29,68,18
080484,Carme,5,3,0
430419,Caseres,2,3,1
170448,Cassà de la Selva,94,90,44
080497,Casserres,8,26,10
170486,"Castell d'Aro, Platja d'Aro i s'Agaró",76,84,38
080575,Castell de l'Areny,0,0,0
259046,Castell de Mur,0,3,1
250642,Castellar de la Ribera,1,0,0
080522,Castellar de n'Hug,0,5,2
080500,Castellar del Riu,2,1,1
080517,Castellar del Vallès,158,203,119
080538,Castellbell i el Vilar,26,33,17
080543,Castellbisbal,99,73,48
080556,Castellcir,5,18,6
250674,Castelldans,4,14,2
080569,Castelldefels,451,512,240
080581,Castellet i la Gornal,23,25,9
170464,Castellfollit de la Roca,5,13,5
080608,Castellfollit de Riubregós,0,0,1
080594,Castellfollit del Boix,2,4,5
080615,Castellgalí,18,29,14
080620,Castellnou de Bages,9,5,2
250680,Castellnou de Seana,5,12,2
170470,Castelló d'Empúries,74,98,45
250693,Castelló de Farfanya,1,11,1
080636,Castellolí,2,6,5
250707,Castellserà,8,15,3
080641,Castellterçol,25,52,13
430424,Castellvell del Camp,20,12,8
080654,Castellví de la Marca,12,15,10
080667,Castellví de Rosanes,14,17,15
430430,"Catllar, el",40,27,23
250714,Cava,0,0,0
171899,"Cellera de Ter, la",20,23,6
170499,Celrà,49,30,22
080673,Centelles,37,74,31
082687,Cercs,7,14,5
082665,Cerdanyola del Vallès,340,414,184
080689,Cervelló,75,97,42
250729,Cervera,83,89,26
250735,Cervià de les Garrigues,6,16,1
170502,Cervià de Ter,4,11,4
170519,Cistella,3,1,0
250740,Ciutadilla,1,4,0
250753,Clariana de Cardener,0,3,3
250766,"Cogul, el",2,7,0
170545,Colera,1,4,3
250772,Coll de Nargó,2,5,0
080692,Collbató,27,31,21
430458,Colldejou,0,2,0
080706,Collsuspina,1,2,2
170558,Colomers,0,3,1
251636,"Coma i la Pedra, la",1,2,2
251615,Conca de Dalt,2,8,0
430461,Conesa,1,0,0
430477,Constantí,72,43,20
080713,Copons,2,2,3
430483,Corbera d'Ebre,3,8,3
080728,Corbera de Llobregat,109,122,82
250788,Corbins,11,13,5
170577,Corçà,10,7,7
080734,Cornellà de Llobregat,638,725,270
170561,Cornellà del Terri,18,26,8
430496,Cornudella de Montsant,6,13,4
430509,Creixell,29,49,6
170583,Crespià,0,3,1
179011,"Cruïlles, Monells i Sant Sadurní de l'Heura",8,11,2
080749,Cubelles,85,138,84
250791,Cubells,1,10,1
430516,Cunit,103,141,61
170600,Darnius,1,13,1
170617,Das,0,0,1
439018,Deltebre,71,173,28
080752,Dosrius,54,30,38
430537,Duesaigües,2,4,1
170622,"Escala, l'",71,97,42
080765,Esparreguera,178,167,92
170638,Espinelves,3,2,4
250812,"Espluga Calba, l'",1,3,1
430542,"Espluga de Francolí, l'",32,43,19
080771,Esplugues de Llobregat,286,457,131
170643,Espolla,3,8,2
170656,Esponellà,2,5,2
250827,Espot,0,6,2
080787,"Espunyola, l'",3,5,2
082541,"Esquirol, l'",13,37,10
250886,Estamariu,1,1,0
080790,"Estany, l'",2,4,1
250851,Estaràs,1,2,0
250864,Esterri d'Àneu,6,6,4
250870,Esterri de Cardós,1,1,0
430555,Falset,25,52,7
170059,"Far d'Empordà, el",3,9,5
250899,Farrera,2,2,0
430568,"Fatarella, la",5,19,1
430574,"Febró, la",0,0,0
081347,Figaró-Montmany,6,22,7
080804,Fígols,0,1,0
259084,Fígols i Alinyà,0,3,2
430580,"Figuera, la",1,1,0
170669,Figueres,455,385,126
430593,Figuerola del Camp,3,6,1
170675,Flaçà,2,10,4
430607,Flix,15,60,12
250925,"Floresta, la",1,3,2
080826,Fogars de la Selva,9,21,10
080811,Fogars de Montclús,6,4,4
170681,Foixà,0,0,3
080832,Folgueroles,6,13,8
250931,Fondarella,2,9,4
080847,Fonollosa,7,10,7
170694,Fontanals de Cerdanya,3,2,1
170708,Fontanilles,1,0,0
170715,Fontcoberta,17,14,11
080850,Font-rubí,10,16,2
250946,Foradada,3,0,1
179026,Forallac,13,16,10
430614,Forès,0,0,0
170736,Fornells de la Selva,17,17,11
170741,Fortià,7,10,2
080863,"Franqueses del Vallès, les",138,134,87
430629,Freginals,3,6,0
250962,"Fuliola, la",12,17,3
250978,Fulleda,0,3,0
080902,Gaià,3,2,1
430635,"Galera, la",2,14,1
080879,Gallifa,3,3,3
430640,Gandesa,18,48,12
430653,Garcia,5,6,4
430666,"Garidells, els",0,4,2
080885,"Garriga, la",117,160,78
170754,Garrigàs,3,5,5
170767,Garrigoles,0,1,0
170773,Garriguella,6,7,2
080898,Gavà,297,365,157
250984,Gavet de la Conca,0,8,0
080919,Gelida,56,65,40
170789,Ger,6,1,4
259123,Gimenells i el Pla de la Font,3,14,1
430672,Ginestar,5,11,3
170792,Girona,890,827,357
080924,Gironella,33,61,16
080930,Gisclareny,0,0,0
430688,Godall,6,10,3
250997,Golmés,11,22,7
170806,Gombrèn,2,3,0
251001,Gósol,1,2,0
080945,"Granada, la",23,20,12
251018,"Granadella, la",4,7,2
080958,Granera,0,2,0
251023,"Granja d'Escarp, la",2,6,1
080961,Granollers,492,464,197
251039,Granyanella,1,1,2
251057,Granyena de les Garrigues,0,0,1
251044,Granyena de Segarra,0,1,0
430691,Gratallops,3,0,1
080977,Gualba,6,6,7
170813,Gualta,2,4,1
080996,Guardiola de Berguedà,3,9,4
430705,"Guiamets, els",1,12,3
170828,Guils de Cerdanya,3,4,1
251095,Guimerà,0,6,0
259031,"Guingueta d'Àneu, la",0,3,0
251109,Guissona,88,40,17
251116,Guixers,0,2,1
081000,Gurb,19,21,11
430712,Horta de Sant Joan,6,14,5
081017,"Hospitalet de Llobregat, l'",2165,2378,726
081629,"Hostalets de Pierola, els",28,20,9
170834,Hostalric,24,37,10
081022,Igualada,294,409,101
251155,Isona i Conca Dellà,8,20,3
170849,Isòvol,4,3,2
251137,Ivars d'Urgell,8,22,7
251121,Ivars de Noguera,0,5,1
251142,Ivorra,0,2,0
170852,Jafre,2,5,2
170865,"Jonquera, la",41,28,9
081038,Jorba,6,3,6
259101,Josa i Tuixén,1,0,0
170871,Juià,2,3,0
251180,Juncosa,2,5,0
251193,Juneda,27,60,9
251214,Les,6,2,4
251229,Linyola,28,24,8
081043,"Llacuna, la",6,16,8
170887,Lladó,3,10,3
251235,Lladorre,1,3,0
251240,Lladurs,2,2,2
081056,"Llagosta, la",82,102,45
170890,Llagostera,74,84,36
170904,Llambilles,4,8,3
170911,Llanars,5,5,3
170926,Llançà,26,54,9
251253,Llardecans,0,4,1
251266,Llavorsí,3,5,1
251207,Lleida,1051,1291,433
170932,Llers,7,13,6
251272,Lles de Cerdanya,0,2,0
081075,Lliçà d'Amunt,93,83,65
081081,Lliçà de Vall,30,60,26
251288,Llimiana,0,2,1
081069,Llinars del Vallès,86,104,44
170947,Llívia,8,14,3
430727,"Lloar, el",0,1,0
251291,Llobera,5,2,2
430733,Llorac,0,1,0
430748,Llorenç del Penedès,10,39,7
170950,Lloret de Mar,288,286,120
170963,"Llosses, les",3,1,3
081094,Lluçà,1,1,2
171024,Maçanet de Cabrenys,7,12,4
171030,Maçanet de la Selva,54,77,34
170979,Madremanya,2,1,3
170985,Maià de Montcal,3,6,7
251333,Maials,2,6,2
251305,Maldà,1,4,1
081108,Malgrat de Mar,126,223,65
081115,Malla,3,4,2
081120,Manlleu,214,157,63
081136,Manresa,656,741,241
430764,Marçà,4,14,0
430751,Margalef,0,0,0
082423,Marganell,1,3,1
081141,Martorell,197,228,89
081154,Martorelles,34,56,21
430770,Mas de Barberans,2,7,0
171002,Masarac i Vilarnadal,1,4,2
430786,Masdenverge,9,13,5
081167,"Masies de Roda, les",5,7,8
081173,"Masies de Voltregà, les",33,31,12
430799,Masllorenç,1,7,4
081189,"Masnou, el",158,205,98
430803,"Masó, la",2,5,1
430810,Maspujols,10,8,7
081192,Masquefa,71,82,48
430825,"Masroig, el",2,2,2
251312,Massalcoreig,8,5,1
171019,Massanes,10,11,3
251327,Massoteres,1,3,2
081206,Matadepera,57,86,42
081213,Mataró,965,1039,382
081228,Mediona,14,22,11
251348,Menàrguens,7,10,1
170998,Meranges,0,1,0
171058,Mieres,3,6,3
430831,"Milà, el",0,2,1
251351,Miralcamp,8,14,6
430846,Miravet,4,8,2
081385,Moià,40,68,24
430859,"Molar, el",2,6,1
081234,Molins de Rei,168,187,132
251370,Mollerussa,133,96,51
171061,Mollet de Peralada,1,2,1
081249,Mollet del Vallès,330,430,146
171077,Molló,5,3,1
251364,"Molsosa, la",1,0,1
081287,Monistrol de Calders,4,7,4
081271,Monistrol de Montserrat,29,32,16
171096,Montagut i Oix,10,9,8
430862,Montblanc,44,78,31
430884,Montbrió del Camp,25,26,19
081252,Montcada i Reixac,320,250,137
081304,Montclar,0,2,1
251399,Montellà i Martinet,3,7,2
081311,Montesquiu,16,10,2
251403,Montferrer i Castellbò,5,5,4
430897,Montferri,2,12,3
251386,Montgai,3,14,2
081265,Montgat,82,85,58
081326,Montmajor,1,5,1
081332,Montmaneu,4,1,1
430901,"Montmell, el",22,20,8
081350,Montmeló,48,66,29
251425,Montoliu de Lleida,2,7,1
251410,Montoliu de Segarra,2,3,2
251431,Montornès de Segarra,0,0,1
081363,Montornès del Vallès,138,130,55
430918,Mont-ral,0,1,0
171100,Mont-ras,6,13,8
430923,Mont-roig del Camp,110,109,79
081379,Montseny,3,3,2
430939,Móra d'Ebre,37,72,11
430944,Móra la Nova,23,31,18
430957,"Morell, el",31,29,15
430960,"Morera de Montsant, la",0,2,0
081290,Muntanyola,7,8,1
081398,Mura,1,2,3
251459,Nalec,0,0,1
250254,Naut Aran,4,10,16
081402,Navarcles,39,66,31
081419,Navàs,49,73,30
171117,Navata,15,17,7
251462,Navès,2,0,1
081424,"Nou de Berguedà, la",1,2,0
430976,"Nou de Gaià, la",2,6,2
430982,Nulles,3,5,3
251484,Odèn,0,5,2
081430,Òdena,22,37,15
171122,Ogassa,0,4,0
081458,Olèrdola,30,25,18
081461,Olesa de Bonesvalls,18,9,11
081477,Olesa de Montserrat,186,194,89
251497,Oliana,12,29,6
251500,Oliola,0,1,0
251517,Olius,3,10,7
081483,Olivella,36,32,25
081496,Olost,8,12,7
171143,Olot,307,368,130
251522,"Oluges, les",0,4,1
081445,Olvan,9,9,7
251538,"Omellons, els",0,2,1
251543,"Omells de na Gaia, els",0,4,0
171156,Ordis,4,6,1
251556,Organyà,2,17,3
081509,Orís,0,3,3
081516,Oristà,5,7,1
081521,Orpí,2,1,1
081537,Òrrius,4,6,2
251569,Os de Balaguer,8,11,2
171169,Osor,0,7,2
251575,Ossó de Sió,2,3,0
081542,Pacs del Penedès,2,8,4
081555,Palafolls,69,73,43
171175,Palafrugell,196,231,105
171181,Palamós,110,163,68
251581,"Palau d'Anglesola, el",10,13,7
171194,Palau de Santa Eulàlia,2,0,0
171215,Palau-sator,1,4,0
171208,Palau-saverdera,10,14,11
081568,Palau-solità i Plegamans,76,134,68
431009,"Pallaresos, els",27,38,24
081574,Pallejà,67,94,50
430995,"Palma d'Ebre, la",3,9,1
089058,"Palma de Cervelló, la",13,20,14
171236,Palol de Revardit,4,3,3
171241,Pals,7,22,11
081580,"Papiol, el",31,30,26
171254,Pardines,0,2,0
081593,Parets del Vallès,117,129,76
171267,Parlavà,5,4,4
431016,Passanant i Belltall,1,1,1
171289,Pau,3,5,1
431021,Paüls,5,13,0
171292,Pedret i Marzà,0,1,1
251641,Penelles,2,6,2
171306,"Pera, la",1,4,1
081607,Perafita,3,6,0
431037,Perafort,6,11,5
171328,Peralada,10,10,18
251654,Peramola,3,6,1
431042,"Perelló, el",26,43,6
081614,Piera,137,166,78
431055,"Piles, les",2,0,1
081635,Pineda de Mar,208,297,108
431068,"Pinell de Brai, el",11,18,2
251667,Pinell de Solsonès,0,5,0
251673,Pinós,1,5,1
431074,Pira,2,5,1
431080,"Pla de Santa Maria, el",22,29,7
081640,"Pla del Penedès, el",6,16,9
171334,"Planes d'Hostoles, les",14,18,7
171349,Planoles,2,3,1
259118,"Plans de Sió, els",4,4,0
251689,"Poal, el",6,8,0
251692,"Pobla de Cérvoles, la",0,0,0
081653,"Pobla de Claramunt, la",16,19,11
081666,"Pobla de Lillet, la",3,20,5
431093,"Pobla de Mafumet, la",41,22,18
431107,"Pobla de Massaluca, la",1,5,1
431114,"Pobla de Montornès, la",12,26,20
251713,"Pobla de Segur, la",14,58,11
431129,Poboleda,1,6,2
081672,Polinyà,64,40,25
431135,"Pont d'Armentera, el",4,7,3
250306,"Pont de Bar, el",1,1,2
171352,Pont de Molins,1,8,4
251734,"Pont de Suert, el",8,21,9
081825,"Pont de Vilomara i Rocafort, el",23,31,13
431418,Pontils,1,2,1
081688,Pontons,1,7,4
171365,Pontós,3,2,3
251728,Ponts,22,26,9
171371,Porqueres,28,50,27
431140,Porrera,4,9,4
171404,"Port de la Selva, el",8,15,6
171387,Portbou,6,17,2
251749,"Portella, la",3,6,0
431153,Pradell de la Teixeta,1,2,1
431166,Prades,4,7,1
431172,Prat de Comte,1,0,1
081691,"Prat de Llobregat, el",490,568,234
431188,Pratdip,4,9,4
081712,Prats de Lluçanès,17,32,11
081705,"Prats de Rei, els",3,6,3
251752,Prats i Sansor,1,0,1
251765,Preixana,3,7,1
251771,Preixens,0,7,2
082303,Premià de Dalt,59,72,51
081727,Premià de Mar,171,278,108
171390,"Preses, les",15,9,7
251790,Prullans,0,3,0
171411,Puigcerdà,63,87,36
081748,Puigdàlber,8,5,1
251804,Puiggròs,1,3,1
431191,Puigpelat,10,8,6
081751,Puig-reig,35,87,19
251811,Puigverd d'Agramunt,0,5,0
251826,Puigverd de Lleida,7,13,12
081764,Pujalt,1,2,1
081770,"Quar, la",0,0,0
171426,Quart,38,24,24
170433,Queralbs,3,5,1
431205,Querol,6,6,2
171432,Rabós,2,3,1
081786,Rajadell,2,5,2
431362,"Ràpita, la",88,177,42
431212,Rasquera,4,12,1
171447,Regencós,1,1,0
081799,Rellinars,5,3,5
431227,Renau,1,1,1
431233,Reus,828,958,320
251832,Rialp,3,5,6
431248,"Riba, la",3,9,2
431251,Riba-roja d'Ebre,2,11,4
259059,Ribera d'Ondara,3,8,2
251850,Ribera d'Urgellet,1,12,6
171450,Ribes de Freser,5,23,9
171463,Riells i Viabrea,29,24,24
431264,"Riera de Gaià, la",12,17,8
251863,Riner,1,4,1
171479,Ripoll,73,139,45
081803,Ripollet,295,289,118
259139,Riu de Cerdanya,1,0,1
171485,Riudarenes,17,19,14
171498,Riudaura,3,7,2
431270,Riudecanyes,9,15,11
431286,Riudecols,11,10,8
171501,Riudellots de la Selva,10,17,11
431299,Riudoms,51,83,38
171518,Riumors,0,4,2
081810,"Roca del Vallès, la",57,64,53
431303,Rocafort de Queralt,2,4,0
431310,Roda de Berà,50,77,29
081831,Roda de Ter,44,77,29
431325,Rodonyà,2,3,1
431331,Roquetes,59,69,27
171523,Roses,130,145,78
251898,Rosselló,27,22,12
431346,"Rourell, el",1,3,0
081846,Rubí,534,576,258
081859,Rubió,2,3,1
171539,Rupià,0,5,2
089019,Rupit i Pruit,1,7,2
081878,Sabadell,1680,1972,695
081884,Sagàs,1,3,0
251902,Salàs de Pallars,2,7,0
081901,Saldes,1,7,2
171544,Sales de Llierca,0,0,1
081918,Sallent,42,98,24
431359,Salomó,11,6,2
439057,Salou,220,164,101
171557,Salt,367,206,94
251919,Sanaüja,1,4,1
081944,Sant Adrià de Besòs,326,277,98
081957,Sant Agustí de Lluçanès,2,0,1
081960,Sant Andreu de la Barca,160,219,90
081976,Sant Andreu de Llavaneres,72,88,53
171576,Sant Andreu Salou,2,3,0
171833,Sant Aniol de Finestres,1,1,2
081982,Sant Antoni de Vilamajor,47,57,29
081995,Sant Bartomeu del Grau,3,10,7
082009,Sant Boi de Llobregat,582,775,280
082016,Sant Boi de Lluçanès,1,16,0
082037,Sant Cebrià de Vallalta,24,21,26
082021,Sant Celoni,116,140,68
082042,Sant Climent de Llobregat,21,27,23
171582,Sant Climent Sescebes,4,5,2
082055,Sant Cugat del Vallès,752,493,386
082068,Sant Cugat Sesgarrigues,12,10,7
251961,Sant Esteve de la Sarga,0,0,0
082074,Sant Esteve de Palautordera,19,21,17
082080,Sant Esteve Sesrovires,49,65,35
171595,Sant Feliu de Buixalleu,9,7,5
082107,Sant Feliu de Codines,37,54,40
171609,Sant Feliu de Guíxols,142,241,77
082114,Sant Feliu de Llobregat,303,341,166
171616,Sant Feliu de Pallerols,14,12,5
082129,Sant Feliu Sasserra,0,7,0
171621,Sant Ferriol,1,4,1
082093,Sant Fost de Campsentelles,55,118,41
082135,Sant Fruitós de Bages,72,71,39
171637,Sant Gregori,35,39,15
251924,Sant Guim de Freixenet,9,13,4
251977,Sant Guim de la Plana,3,4,0
171642,Sant Hilari Sacalm,46,62,31
082153,Sant Hipòlit de Voltregà,30,43,11
081939,Sant Iscle de Vallalta,11,12,5
439023,Sant Jaume d'Enveja,22,43,16
082166,Sant Jaume de Frontanyà,0,0,0
171655,Sant Jaume de Llierca,6,11,3
431378,Sant Jaume dels Domenys,14,21,21
171674,Sant Joan de les Abadesses,16,47,11
171680,Sant Joan de Mollet,2,7,3
082188,Sant Joan de Vilatorrada,73,88,55
082172,Sant Joan Despí,260,233,121
171851,Sant Joan les Fonts,21,37,14
171668,Sant Jordi Desvalls,3,6,1
089030,Sant Julià de Cerdanyola,1,3,0
171693,Sant Julià de Ramis,28,27,26
082205,Sant Julià de Vilatorta,17,24,24
179032,Sant Julià del Llor i Bonmatí,9,8,9
082212,Sant Just Desvern,175,184,98
082227,Sant Llorenç d'Hortons,18,12,8
171714,Sant Llorenç de la Muga,1,2,2
251930,Sant Llorenç de Morunys,3,19,2
082233,Sant Llorenç Savall,12,39,11
082251,Sant Martí d'Albars,0,1,0
082248,Sant Martí de Centelles,15,9,5
171729,Sant Martí de Llémena,6,3,2
259025,Sant Martí de Riucorb,1,9,2
082264,Sant Martí de Tous,9,7,9
082270,Sant Martí Sarroca,19,27,10
082286,Sant Martí Sesgueioles,3,4,2
171735,Sant Martí Vell,0,4,2
082299,Sant Mateu de Bages,7,8,4
171740,Sant Miquel de Campmajor,1,1,0
171753,Sant Miquel de Fluvià,4,6,1
171766,Sant Mori,1,1,0
171772,Sant Pau de Segúries,3,5,5
082310,Sant Pere de Ribes,212,231,112
082325,Sant Pere de Riudebitlles,11,21,15
082331,Sant Pere de Torelló,17,40,11
082346,Sant Pere de Vilamajor,33,29,23
171788,Sant Pere Pescador,18,16,5
081897,Sant Pere Sallavinera,2,1,1
082359,Sant Pol de Mar,33,45,27
082362,Sant Quintí de Mediona,21,24,5
082378,Sant Quirze de Besora,7,34,10
082384,Sant Quirze del Vallès,122,129,80
082397,Sant Quirze Safaja,1,3,2
251945,Sant Ramon,2,10,1
082401,Sant Sadurní d'Anoia,95,93,49
082418,Sant Sadurní d'Osormort,1,1,0
080983,Sant Salvador de Guardiola,20,26,18
082628,Sant Vicenç de Castellet,74,102,35
082649,Sant Vicenç de Montalt,35,51,41
082652,Sant Vicenç de Torelló,19,24,10
082634,Sant Vicenç dels Horts,218,237,130
431384,Santa Bàrbara,26,49,9
082439,Santa Cecília de Voltregà,2,5,0
082444,Santa Coloma de Cervelló,43,53,28
171805,Santa Coloma de Farners,106,118,52
082457,Santa Coloma de Gramenet,907,1091,312
431397,Santa Coloma de Queralt,16,38,4
171812,Santa Cristina d'Aro,28,44,32
082460,Santa Eugènia de Berga,20,17,9
082476,Santa Eulàlia de Riuprimer,10,7,9
082482,Santa Eulàlia de Ronçana,57,64,44
082495,Santa Fe del Penedès,0,4,1
171827,Santa Llogaia d'Àlguema,2,3,2
082508,Santa Margarida de Montbui,101,88,28
082515,Santa Margarida i els Monjos,58,56,34
082589,Santa Maria d'Oló,6,9,2
082536,Santa Maria de Besora,3,3,0
082567,Santa Maria de Martorelles,8,8,5
082554,Santa Maria de Merlès,2,2,1
082573,Santa Maria de Miralles,1,2,0
082592,Santa Maria de Palautordera,49,81,44
431401,Santa Oliva,25,37,18
171848,Santa Pau,6,14,9
082606,Santa Perpètua de Mogoda,163,180,88
082613,Santa Susanna,22,26,14
081923,Santpedor,38,97,35
431423,Sarral,7,12,8
171864,Sarrià de Ter,29,46,20
252017,Sarroca de Bellera,1,1,0
252000,Sarroca de Lleida,1,3,1
171870,"Saus, Camallera i Llampaies",11,4,0
431439,Savallà del Comtat,1,2,0
431444,"Secuita, la",12,13,13
171886,"Selva de Mar, la",1,3,3
431457,"Selva del Camp, la",31,58,24
431460,Senan,0,0,0
430445,"Sénia, la",39,51,17
252022,Senterada,1,1,1
250352,"Sentiu de Sió, la",2,4,0
082671,Sentmenat,73,58,39
171903,Serinyà,8,11,5
252043,Seròs,17,19,8
171910,Serra de Daró,3,2,3
171925,Setcases,0,1,1
252038,"Seu d'Urgell, la",82,142,50
082690,Seva,16,29,19
252056,Sidamon,6,10,2
171931,Sils,48,60,35
082704,Sitges,186,271,129
170524,Siurana,1,2,1
082711,Sobremunt,1,1,0
252069,"Soleràs, el",3,4,0
431476,Solivella,5,6,1
252075,Solsona,81,84,47
082726,Sora,1,2,2
252081,Soriguera,2,3,1
252094,Sort,11,30,11
252108,Soses,14,10,4
082732,Subirats,15,29,13
252115,Sudanell,8,12,2
252120,Sunyer,4,4,1
082747,Súria,40,78,29
171946,Susqueda,0,0,0
082763,Tagamanent,2,3,2
082779,Talamanca,0,4,1
252154,Talarn,1,6,2
252167,Talavera,1,2,0
171959,"Tallada d'Empordà, la",0,6,5
082785,Taradell,48,64,20
431482,Tarragona,1044,1254,377
252173,Tàrrega,190,167,66
252189,Tarrés,0,1,1
252192,Tarroja de Segarra,1,3,0
082750,Tavèrnoles,4,2,0
082802,Tavertet,0,4,1
082819,Teià,45,72,36
252206,Térmens,7,14,3
171962,Terrades,2,6,3
082798,Terrassa,1793,1889,733
082824,Tiana,60,65,42
252213,Tírvia,0,1,1
252228,Tiurana,0,2,2
431495,Tivenys,5,17,3
431508,Tivissa,8,23,8
082830,Tona,51,96,29
252234,Torà,11,23,6
082845,Tordera,132,157,62
082858,Torelló,104,133,73
252249,"Torms, els",1,1,0
252252,Tornabous,2,9,1
252271,"Torre de Cabdella, la",2,12,3
082861,"Torre de Claramunt, la",21,21,13
431515,"Torre de Fontaubella, la",0,4,1
431520,"Torre de l'Espanyol, la",10,6,4
252265,Torrebesses,3,2,1
431536,Torredembarra,96,169,74
252287,Torrefarrera,49,25,21
259078,Torrefeta i Florejacs,3,9,4
252304,Torregrossa,20,20,5
252311,Torrelameu,3,4,4
082877,Torrelavit,12,10,8
082883,Torrelles de Foix,27,25,17
082896,Torrelles de Llobregat,36,45,26
171978,Torrent,0,0,1
252326,Torres de Segre,14,31,1
252332,Torre-serona,2,7,2
171984,Torroella de Fluvià,5,6,8
171997,Torroella de Montgrí,68,102,37
431541,Torroja del Priorat,1,0,3
172001,Tortellà,4,8,8
431554,Tortosa,269,385,110
172018,Toses,1,1,0
172023,Tossa de Mar,38,41,24
252347,Tremp,35,72,14
172044,Ullà,13,10,6
082900,Ullastrell,19,13,8
172057,Ullastret,1,3,0
431567,Ulldecona,55,59,31
431573,Ulldemolins,1,5,3
172039,Ultramort,1,4,0
172060,Urús,0,1,1
082917,Vacarisses,62,50,39
170144,"Vajol, la",0,1,0
172076,"Vall d'en Bas, la",23,46,17
172082,"Vall de Bianya, la",10,10,7
250432,"Vall de Boí, la",7,14,2
259010,Vall de Cardós,4,2,2
082922,Vallbona d'Anoia,14,14,5
252385,Vallbona de les Monges,3,3,0
082938,Vallcebre,2,2,1
431589,Vallclara,1,1,0
252402,Vallfogona de Balaguer,14,14,3
171707,Vallfogona de Ripollès,0,1,0
431592,Vallfogona de Riucorb,1,3,1
082943,Vallgorguina,32,13,13
082956,Vallirana,103,143,78
172095,Vall-llobrega,5,4,4
431606,Vallmoll,12,11,6
082969,Vallromanes,15,9,10
431613,Valls,164,231,77
259062,"Valls d'Aguilar, les",1,2,0
252398,"Valls de Valira, les",1,5,3
431628,Vandellòs i l'Hospitalet de l'Infant,43,51,34
259097,"Vansa i Fórnols, la",0,1,1
082975,Veciana,0,4,0
431634,"Vendrell, el",303,315,119
172109,Ventalló,5,4,6
252424,Verdú,2,19,1
172116,Verges,5,10,6
431649,Vespella de Gaià,1,6,1
082981,Vic,473,357,156
172121,Vidrà,1,4,1
172137,Vidreres,56,54,46
252430,Vielha e Mijaran,41,35,24
431652,Vilabella,6,9,5
172142,Vilabertran,4,9,5
172155,Vilablareix,33,22,21
082994,Vilada,2,10,2
172174,Viladamat,3,3,1
172168,Viladasens,4,3,1
083015,Viladecans,421,468,224
083008,Viladecavalls,49,55,31
172180,Vilademuls,2,10,7
172207,Viladrau,11,7,4
172214,Vilafant,31,31,20
083054,Vilafranca del Penedès,319,392,142
252445,Vilagrassa,6,5,3
172235,Vilajuïga,11,14,12
431750,Vilalba dels Arcs,4,12,2
083067,Vilalba Sasserra,3,14,5
252458,Vilaller,2,15,0
172240,Vilallonga de Ter,6,9,5
431665,Vilallonga del Camp,24,12,14
172253,Vilamacolum,9,3,4
172266,Vilamalla,10,14,4
172272,Vilamaniscle,0,2,1
252477,Vilamòs,0,1,1
172288,Vilanant,0,2,0
431671,Vilanova d'Escornalbou,1,3,5
252483,Vilanova de Bellpuig,7,21,3
252496,Vilanova de l'Aguda,2,2,0
252542,Vilanova de la Barca,8,27,5
252509,Vilanova de Meià,0,7,3
431687,Vilanova de Prades,0,1,2
083036,Vilanova de Sau,2,9,5
252516,Vilanova de Segrià,8,10,6
083020,Vilanova del Camí,88,126,50
089024,Vilanova del Vallès,30,34,27
083073,Vilanova i la Geltrú,422,646,235
431690,Vilaplana,4,4,3
431704,Vila-rodona,15,10,6
172305,Vila-sacra,4,5,6
252521,Vila-sana,7,7,4
431711,Vila-seca,165,155,77
082140,Vilassar de Dalt,70,74,49
082191,Vilassar de Mar,131,202,99
172229,Vilaür,0,1,0
431726,Vilaverd,4,5,5
431732,"Vilella Alta, la",1,1,0
431747,"Vilella Baixa, la",0,4,1
172333,Vilobí d'Onyar,30,25,16
083041,Vilobí del Penedès,12,10,6
172327,Vilopriu,1,3,0
252537,"Vilosell, el",0,5,1
431763,Vimbodí i Poblet,7,11,5
252555,Vinaixa,0,5,2
431779,Vinebre,0,8,3
431785,Vinyols i els Arcs,15,21,10
083089,Viver i Serrateix,2,1,1
430521,Xerta,4,16,3
,Catalunya,56382,70706,27100

